række,database_id,TS,VEJNAVN,ÅR,DATO,RETNING,KATEGORI,ANTAL 6-7,ANTAL 7-8,ANTAL 8-9,ANTAL 9-10,ANTAL 10-11,ANTAL 11-12,ANTAL 12-13,ANTAL 13-14,ANTAL 14-15,ANTAL 15-16,ANTAL 16-17,ANTAL 17-18,ANTAL 18-19
23572.00,934.00,31.00,LYNGBYVEJEN lokaltrafik nord for Emdrupvej,2011,413,MOD NORD (FRA BYEN),PERSONBILER,,69.00,175.00,71.00,43.00,53.00,76.00,58.00,84.00,159.00,171.00,95.00,74.00
23573.00,934.00,31.00,LYNGBYVEJEN lokaltrafik nord for Emdrupvej,2011,413,MOD NORD (FRA BYEN),MOTORCYKLER,,0.00,3.00,2.00,2.00,3.00,0.00,0.00,1.00,6.00,1.00,2.00,2.00
23574.00,934.00,31.00,LYNGBYVEJEN lokaltrafik nord for Emdrupvej,2011,413,MOD NORD (FRA BYEN),"VAREVOGNE (MAX. 3,5 T)",,27.00,33.00,35.00,31.00,31.00,34.00,36.00,47.00,34.00,24.00,12.00,14.00
23575.00,934.00,31.00,LYNGBYVEJEN lokaltrafik nord for Emdrupvej,2011,413,MOD NORD (FRA BYEN),A: LET TRAFIK I ALT,,96.00,211.00,108.00,76.00,87.00,110.00,94.00,132.00,199.00,196.00,109.00,90.00
23576.00,934.00,31.00,LYNGBYVEJEN lokaltrafik nord for Emdrupvej,2011,413,MOD NORD (FRA BYEN),"SOLOLASTBILER, 2 AKSLER",,2.00,3.00,3.00,6.00,5.00,2.00,2.00,3.00,3.00,4.00,0.00,1.00
23577.00,934.00,31.00,LYNGBYVEJEN lokaltrafik nord for Emdrupvej,2011,413,MOD NORD (FRA BYEN),"SOLOLASTBILER, 3 AKSLER",,2.00,1.00,2.00,2.00,1.00,0.00,0.00,1.00,1.00,3.00,0.00,0.00
23578.00,934.00,31.00,LYNGBYVEJEN lokaltrafik nord for Emdrupvej,2011,413,MOD NORD (FRA BYEN),KØRETØJER 4 - FLERE AKSLER,,1.00,0.00,1.00,2.00,0.00,1.00,4.00,5.00,1.00,1.00,0.00,0.00
23579.00,934.00,31.00,LYNGBYVEJEN lokaltrafik nord for Emdrupvej,2011,413,MOD NORD (FRA BYEN),BUSSER I FAST RUTE,,16.00,19.00,11.00,9.00,9.00,9.00,9.00,15.00,21.00,18.00,18.00,8.00
23580.00,934.00,31.00,LYNGBYVEJEN lokaltrafik nord for Emdrupvej,2011,413,MOD NORD (FRA BYEN),ANDRE BUSSER,,3.00,2.00,1.00,0.00,0.00,0.00,1.00,5.00,3.00,2.00,1.00,0.00
23581.00,934.00,31.00,LYNGBYVEJEN lokaltrafik nord for Emdrupvej,2011,413,MOD NORD (FRA BYEN),B: TUNG TRAFIK I ALT,,24.00,25.00,18.00,19.00,15.00,12.00,16.00,29.00,29.00,28.00,19.00,9.00
23582.00,934.00,31.00,LYNGBYVEJEN lokaltrafik nord for Emdrupvej,2011,413,MOD NORD (FRA BYEN),A+B: KØRETØJER I ALT,,120.00,236.00,126.00,95.00,102.00,122.00,110.00,161.00,228.00,224.00,128.00,99.00
23583.00,934.00,31.00,LYNGBYVEJEN lokaltrafik nord for Emdrupvej,2011,413,MOD NORD (FRA BYEN),LADCYKLER,,0.00,5.00,0.00,0.00,0.00,0.00,1.00,3.00,3.00,1.00,3.00,0.00
23584.00,934.00,31.00,LYNGBYVEJEN lokaltrafik nord for Emdrupvej,2011,413,MOD NORD (FRA BYEN),CYKLER + KNALLERTER,,431.00,437.00,139.00,88.00,76.00,107.00,105.00,141.00,266.00,428.00,333.00,175.00
23585.00,934.00,31.00,LYNGBYVEJEN lokaltrafik nord for Emdrupvej,2011,413,MOD NORD (FRA BYEN),CYKLER + KNALLERTER + LADCYKLER,,431.00,442.00,139.00,88.00,76.00,107.00,106.00,144.00,269.00,429.00,336.00,175.00
23586.00,934.00,31.00,LYNGBYVEJEN lokaltrafik nord for Emdrupvej,2011,413,MOD SYD (MOD BYEN),PERSONBILER,,243.00,574.00,119.00,61.00,72.00,68.00,65.00,90.00,124.00,129.00,115.00,78.00
23587.00,934.00,31.00,LYNGBYVEJEN lokaltrafik nord for Emdrupvej,2011,413,MOD SYD (MOD BYEN),MOTORCYKLER,,1.00,17.00,2.00,2.00,0.00,2.00,2.00,2.00,3.00,4.00,0.00,3.00
23588.00,934.00,31.00,LYNGBYVEJEN lokaltrafik nord for Emdrupvej,2011,413,MOD SYD (MOD BYEN),"VAREVOGNE (MAX. 3,5 T)",,42.00,60.00,41.00,26.00,38.00,38.00,19.00,23.00,27.00,16.00,10.00,12.00
23589.00,934.00,31.00,LYNGBYVEJEN lokaltrafik nord for Emdrupvej,2011,413,MOD SYD (MOD BYEN),A: LET TRAFIK I ALT,,286.00,651.00,162.00,89.00,110.00,108.00,86.00,115.00,154.00,149.00,125.00,93.00
23590.00,934.00,31.00,LYNGBYVEJEN lokaltrafik nord for Emdrupvej,2011,413,MOD SYD (MOD BYEN),"LASTBILER, 2 AKSLER",,3.00,2.00,3.00,1.00,1.00,1.00,1.00,0.00,2.00,1.00,0.00,0.00
23591.00,934.00,31.00,LYNGBYVEJEN lokaltrafik nord for Emdrupvej,2011,413,MOD SYD (MOD BYEN),"LASTBILER, 3 AKSLER",,2.00,0.00,1.00,1.00,1.00,0.00,0.00,1.00,0.00,1.00,0.00,0.00
23592.00,934.00,31.00,LYNGBYVEJEN lokaltrafik nord for Emdrupvej,2011,413,MOD SYD (MOD BYEN),LASTBILER 4 - FLERE AKSLER,,0.00,1.00,0.00,0.00,0.00,0.00,0.00,1.00,0.00,1.00,0.00,0.00
23593.00,934.00,31.00,LYNGBYVEJEN lokaltrafik nord for Emdrupvej,2011,413,MOD SYD (MOD BYEN),BUSSER I FAST RUTE,,17.00,21.00,12.00,9.00,7.00,9.00,9.00,11.00,18.00,17.00,15.00,9.00
23594.00,934.00,31.00,LYNGBYVEJEN lokaltrafik nord for Emdrupvej,2011,413,MOD SYD (MOD BYEN),ANDRE BUSSER,,5.00,2.00,3.00,0.00,0.00,0.00,0.00,1.00,4.00,1.00,0.00,0.00
23595.00,934.00,31.00,LYNGBYVEJEN lokaltrafik nord for Emdrupvej,2011,413,MOD SYD (MOD BYEN),B: TUNG TRAFIK I ALT,,27.00,26.00,19.00,11.00,9.00,10.00,10.00,14.00,24.00,21.00,15.00,9.00
23596.00,934.00,31.00,LYNGBYVEJEN lokaltrafik nord for Emdrupvej,2011,413,MOD SYD (MOD BYEN),A+B: KØRETØJER I ALT,,313.00,677.00,181.00,100.00,119.00,118.00,96.00,129.00,178.00,170.00,140.00,102.00
23597.00,934.00,31.00,LYNGBYVEJEN lokaltrafik nord for Emdrupvej,2011,413,MOD SYD (MOD BYEN),LADCYKLER,,2.00,2.00,0.00,0.00,0.00,0.00,1.00,0.00,0.00,0.00,0.00,0.00
23598.00,934.00,31.00,LYNGBYVEJEN lokaltrafik nord for Emdrupvej,2011,413,MOD SYD (MOD BYEN),CYKLER + KNALLERTER,,417.00,545.00,191.00,105.00,71.00,110.00,103.00,157.00,305.00,270.00,294.00,174.00
23599.00,934.00,31.00,LYNGBYVEJEN lokaltrafik nord for Emdrupvej,2011,413,MOD SYD (MOD BYEN),CYKLER + KNALLERTER + LADCYKLER,,419.00,547.00,191.00,105.00,71.00,110.00,104.00,157.00,305.00,270.00,294.00,174.00
23600.00,935.00,31.00,LYNGBYVEJEN (motor) nord for Emdrupvej,2011,413,MOD NORD (FRA BYEN),PERSONBILER,,1722.00,2055.00,1192.00,1052.00,1157.00,1304.00,1235.00,1764.00,2548.00,3264.00,3217.00,2157.00
23601.00,935.00,31.00,LYNGBYVEJEN (motor) nord for Emdrupvej,2011,413,MOD NORD (FRA BYEN),MOTORCYKLER,,20.00,16.00,12.00,5.00,3.00,5.00,6.00,20.00,25.00,31.00,40.00,18.00
23602.00,935.00,31.00,LYNGBYVEJEN (motor) nord for Emdrupvej,2011,413,MOD NORD (FRA BYEN),"VAREVOGNE (MAX. 3,5 T)",,298.00,271.00,270.00,361.00,350.00,346.00,305.00,463.00,417.00,101.00,124.00,110.00
23603.00,935.00,31.00,LYNGBYVEJEN (motor) nord for Emdrupvej,2011,413,MOD NORD (FRA BYEN),A: LET TRAFIK I ALT,,2040.00,2342.00,1474.00,1418.00,1510.00,1655.00,1546.00,2247.00,2990.00,3396.00,3381.00,2285.00
23604.00,935.00,31.00,LYNGBYVEJEN (motor) nord for Emdrupvej,2011,413,MOD NORD (FRA BYEN),"SOLOLASTBILER, 2 AKSLER",,12.00,6.00,19.00,18.00,35.00,32.00,19.00,13.00,9.00,17.00,12.00,7.00
23605.00,935.00,31.00,LYNGBYVEJEN (motor) nord for Emdrupvej,2011,413,MOD NORD (FRA BYEN),"SOLOLASTBILER, 3 AKSLER",,14.00,5.00,9.00,10.00,7.00,11.00,7.00,12.00,8.00,10.00,5.00,2.00
23606.00,935.00,31.00,LYNGBYVEJEN (motor) nord for Emdrupvej,2011,413,MOD NORD (FRA BYEN),KØRETØJER 4 - FLERE AKSLER,,11.00,10.00,16.00,29.00,32.00,23.00,20.00,17.00,14.00,7.00,6.00,2.00
23607.00,935.00,31.00,LYNGBYVEJEN (motor) nord for Emdrupvej,2011,413,MOD NORD (FRA BYEN),BUSSER I FAST RUTE,,0.00,0.00,0.00,0.00,0.00,0.00,0.00,0.00,0.00,0.00,0.00,0.00
23608.00,935.00,31.00,LYNGBYVEJEN (motor) nord for Emdrupvej,2011,413,MOD NORD (FRA BYEN),ANDRE BUSSER,,4.00,26.00,5.00,4.00,0.00,3.00,18.00,20.00,12.00,14.00,5.00,8.00
23609.00,935.00,31.00,LYNGBYVEJEN (motor) nord for Emdrupvej,2011,413,MOD NORD (FRA BYEN),B: TUNG TRAFIK I ALT,,41.00,47.00,49.00,61.00,74.00,69.00,64.00,62.00,43.00,48.00,28.00,19.00
23610.00,935.00,31.00,LYNGBYVEJEN (motor) nord for Emdrupvej,2011,413,MOD NORD (FRA BYEN),A+B: KØRETØJER I ALT,,2081.00,2389.00,1523.00,1479.00,1584.00,1724.00,1610.00,2309.00,3033.00,3444.00,3409.00,2304.00
23611.00,935.00,31.00,LYNGBYVEJEN (motor) nord for Emdrupvej,2011,413,MOD NORD (FRA BYEN),LADCYKLER,,0.00,0.00,0.00,0.00,0.00,0.00,0.00,0.00,0.00,0.00,0.00,0.00
23612.00,935.00,31.00,LYNGBYVEJEN (motor) nord for Emdrupvej,2011,413,MOD NORD (FRA BYEN),CYKLER + KNALLERTER,,0.00,0.00,0.00,0.00,0.00,0.00,0.00,0.00,0.00,0.00,0.00,0.00
23613.00,935.00,31.00,LYNGBYVEJEN (motor) nord for Emdrupvej,2011,413,MOD NORD (FRA BYEN),CYKLER + KNALLERTER + LADCYKLER,,0.00,0.00,0.00,0.00,0.00,0.00,0.00,0.00,0.00,0.00,0.00,0.00
23614.00,935.00,31.00,LYNGBYVEJEN (motor) nord for Emdrupvej,2011,413,MOD SYD (MOD BYEN),PERSONBILER,,2389.00,2534.00,1957.00,1354.00,885.00,1102.00,1226.00,1407.00,1789.00,2416.00,2107.00,1580.00
23615.00,935.00,31.00,LYNGBYVEJEN (motor) nord for Emdrupvej,2011,413,MOD SYD (MOD BYEN),MOTORCYKLER,,32.00,34.00,16.00,4.00,18.00,7.00,8.00,19.00,16.00,18.00,20.00,16.00
23616.00,935.00,31.00,LYNGBYVEJEN (motor) nord for Emdrupvej,2011,413,MOD SYD (MOD BYEN),"VAREVOGNE (MAX. 3,5 T)",,294.00,289.00,371.00,367.00,287.00,291.00,307.00,328.00,328.00,277.00,235.00,186.00
23617.00,935.00,31.00,LYNGBYVEJEN (motor) nord for Emdrupvej,2011,413,MOD SYD (MOD BYEN),A: LET TRAFIK I ALT,,2715.00,2857.00,2344.00,1725.00,1190.00,1400.00,1541.00,1754.00,2133.00,2711.00,2362.00,1782.00
23618.00,935.00,31.00,LYNGBYVEJEN (motor) nord for Emdrupvej,2011,413,MOD SYD (MOD BYEN),"SOLOLASTBILER, 2 AKSLER",,8.00,13.00,32.00,16.00,37.00,25.00,35.00,32.00,42.00,6.00,3.00,11.00
23619.00,935.00,31.00,LYNGBYVEJEN (motor) nord for Emdrupvej,2011,413,MOD SYD (MOD BYEN),"SOLOLASTBILER, 3 AKSLER",,7.00,2.00,11.00,12.00,12.00,8.00,8.00,9.00,6.00,5.00,0.00,0.00
23620.00,935.00,31.00,LYNGBYVEJEN (motor) nord for Emdrupvej,2011,413,MOD SYD (MOD BYEN),KØRETØJER 4 - FLERE AKSLER,,14.00,17.00,11.00,20.00,22.00,13.00,11.00,22.00,9.00,5.00,2.00,1.00
23621.00,935.00,31.00,LYNGBYVEJEN (motor) nord for Emdrupvej,2011,413,MOD SYD (MOD BYEN),BUSSER I FAST RUTE,,0.00,0.00,0.00,0.00,0.00,0.00,0.00,0.00,0.00,0.00,0.00,0.00
23622.00,935.00,31.00,LYNGBYVEJEN (motor) nord for Emdrupvej,2011,413,MOD SYD (MOD BYEN),ANDRE BUSSER,,16.00,7.00,23.00,3.00,9.00,12.00,0.00,5.00,9.00,11.00,7.00,13.00
23623.00,935.00,31.00,LYNGBYVEJEN (motor) nord for Emdrupvej,2011,413,MOD SYD (MOD BYEN),B: TUNG TRAFIK I ALT,,45.00,39.00,77.00,51.00,80.00,58.00,54.00,68.00,66.00,27.00,12.00,25.00
23624.00,935.00,31.00,LYNGBYVEJEN (motor) nord for Emdrupvej,2011,413,MOD SYD (MOD BYEN),A+B: KØRETØJER I ALT,,2760.00,2896.00,2421.00,1776.00,1270.00,1458.00,1595.00,1822.00,2199.00,2738.00,2374.00,1807.00
23625.00,935.00,31.00,LYNGBYVEJEN (motor) nord for Emdrupvej,2011,413,MOD SYD (MOD BYEN),LADCYKLER,,0.00,0.00,0.00,0.00,0.00,0.00,0.00,0.00,0.00,0.00,0.00,0.00
23626.00,935.00,31.00,LYNGBYVEJEN (motor) nord for Emdrupvej,2011,413,MOD SYD (MOD BYEN),CYKLER + KNALLERTER,,0.00,0.00,0.00,0.00,0.00,0.00,0.00,0.00,0.00,0.00,0.00,0.00
23627.00,935.00,31.00,LYNGBYVEJEN (motor) nord for Emdrupvej,2011,413,MOD SYD (MOD BYEN),CYKLER + KNALLERTER + LADCYKLER,,0.00,0.00,0.00,0.00,0.00,0.00,0.00,0.00,0.00,0.00,0.00,0.00
23628.00,936.00,31.00,LYNGBYVEJEN (motor+lokal) nord for Emdrupvej,2011,413,MOD NORD (FRA BYEN),PERSONBILER,,1791.00,2230.00,1263.00,1095.00,1210.00,1380.00,1293.00,1848.00,2707.00,3435.00,3312.00,2231.00
23629.00,936.00,31.00,LYNGBYVEJEN (motor+lokal) nord for Emdrupvej,2011,413,MOD NORD (FRA BYEN),MOTORCYKLER,,20.00,19.00,14.00,7.00,6.00,5.00,6.00,21.00,31.00,32.00,42.00,20.00
23630.00,936.00,31.00,LYNGBYVEJEN (motor+lokal) nord for Emdrupvej,2011,413,MOD NORD (FRA BYEN),"VAREVOGNE (MAX. 3,5 T)",,325.00,304.00,305.00,392.00,381.00,380.00,341.00,510.00,451.00,125.00,136.00,124.00
23631.00,936.00,31.00,LYNGBYVEJEN (motor+lokal) nord for Emdrupvej,2011,413,MOD NORD (FRA BYEN),A: LET TRAFIK I ALT,,2136.00,2553.00,1582.00,1494.00,1597.00,1765.00,1640.00,2379.00,3189.00,3592.00,3490.00,2375.00
23632.00,936.00,31.00,LYNGBYVEJEN (motor+lokal) nord for Emdrupvej,2011,413,MOD NORD (FRA BYEN),"SOLOLASTBILER, 2 AKSLER",,14.00,9.00,22.00,24.00,40.00,34.00,21.00,16.00,12.00,21.00,12.00,8.00
23633.00,936.00,31.00,LYNGBYVEJEN (motor+lokal) nord for Emdrupvej,2011,413,MOD NORD (FRA BYEN),"SOLOLASTBILER, 3 AKSLER",,16.00,6.00,11.00,12.00,8.00,11.00,7.00,13.00,9.00,13.00,5.00,2.00
23634.00,936.00,31.00,LYNGBYVEJEN (motor+lokal) nord for Emdrupvej,2011,413,MOD NORD (FRA BYEN),KØRETØJER 4 - FLERE AKSLER,,12.00,10.00,17.00,31.00,32.00,24.00,24.00,22.00,15.00,8.00,6.00,2.00
23635.00,936.00,31.00,LYNGBYVEJEN (motor+lokal) nord for Emdrupvej,2011,413,MOD NORD (FRA BYEN),BUSSER I FAST RUTE,,16.00,19.00,11.00,9.00,9.00,9.00,9.00,15.00,21.00,18.00,18.00,8.00
23636.00,936.00,31.00,LYNGBYVEJEN (motor+lokal) nord for Emdrupvej,2011,413,MOD NORD (FRA BYEN),ANDRE BUSSER,,7.00,28.00,6.00,4.00,0.00,3.00,19.00,25.00,15.00,16.00,6.00,8.00
23637.00,936.00,31.00,LYNGBYVEJEN (motor+lokal) nord for Emdrupvej,2011,413,MOD NORD (FRA BYEN),B: TUNG TRAFIK I ALT,,65.00,72.00,67.00,80.00,89.00,81.00,80.00,91.00,72.00,76.00,47.00,28.00
23638.00,936.00,31.00,LYNGBYVEJEN (motor+lokal) nord for Emdrupvej,2011,413,MOD NORD (FRA BYEN),A+B: KØRETØJER I ALT,,2201.00,2625.00,1649.00,1574.00,1686.00,1846.00,1720.00,2470.00,3261.00,3668.00,3537.00,2403.00
23639.00,936.00,31.00,LYNGBYVEJEN (motor+lokal) nord for Emdrupvej,2011,413,MOD NORD (FRA BYEN),LADCYKLER,,0.00,5.00,0.00,0.00,0.00,0.00,1.00,3.00,3.00,1.00,3.00,0.00
23640.00,936.00,31.00,LYNGBYVEJEN (motor+lokal) nord for Emdrupvej,2011,413,MOD NORD (FRA BYEN),CYKLER + KNALLERTER,,431.00,437.00,139.00,88.00,76.00,107.00,105.00,141.00,266.00,428.00,333.00,175.00
23641.00,936.00,31.00,LYNGBYVEJEN (motor+lokal) nord for Emdrupvej,2011,413,MOD NORD (FRA BYEN),CYKLER + KNALLERTER + LADCYKLER,,431.00,442.00,139.00,88.00,76.00,107.00,106.00,144.00,269.00,429.00,336.00,175.00
23642.00,936.00,31.00,LYNGBYVEJEN (motor+lokal) nord for Emdrupvej,2011,413,MOD SYD (MOD BYEN),PERSONBILER,,2632.00,3108.00,2076.00,1415.00,957.00,1170.00,1291.00,1497.00,1913.00,2545.00,2222.00,1658.00
23643.00,936.00,31.00,LYNGBYVEJEN (motor+lokal) nord for Emdrupvej,2011,413,MOD SYD (MOD BYEN),MOTORCYKLER,,33.00,51.00,18.00,6.00,18.00,9.00,10.00,21.00,19.00,22.00,20.00,19.00
23644.00,936.00,31.00,LYNGBYVEJEN (motor+lokal) nord for Emdrupvej,2011,413,MOD SYD (MOD BYEN),"VAREVOGNE (MAX. 3,5 T)",,336.00,349.00,412.00,393.00,325.00,329.00,326.00,351.00,355.00,293.00,245.00,198.00
23645.00,936.00,31.00,LYNGBYVEJEN (motor+lokal) nord for Emdrupvej,2011,413,MOD SYD (MOD BYEN),A: LET TRAFIK I ALT,,3001.00,3508.00,2506.00,1814.00,1300.00,1508.00,1627.00,1869.00,2287.00,2860.00,2487.00,1875.00
23646.00,936.00,31.00,LYNGBYVEJEN (motor+lokal) nord for Emdrupvej,2011,413,MOD SYD (MOD BYEN),"SOLOLASTBILER, 2 AKSLER",,11.00,15.00,35.00,17.00,38.00,26.00,36.00,32.00,44.00,7.00,3.00,11.00
23647.00,936.00,31.00,LYNGBYVEJEN (motor+lokal) nord for Emdrupvej,2011,413,MOD SYD (MOD BYEN),"SOLOLASTBILER, 3 AKSLER",,9.00,2.00,12.00,13.00,13.00,8.00,8.00,10.00,6.00,6.00,0.00,0.00
23648.00,936.00,31.00,LYNGBYVEJEN (motor+lokal) nord for Emdrupvej,2011,413,MOD SYD (MOD BYEN),KØRETØJER 4 - FLERE AKSLER,,14.00,18.00,11.00,20.00,22.00,13.00,11.00,23.00,9.00,6.00,2.00,1.00
23649.00,936.00,31.00,LYNGBYVEJEN (motor+lokal) nord for Emdrupvej,2011,413,MOD SYD (MOD BYEN),BUSSER I FAST RUTE,,17.00,21.00,12.00,9.00,7.00,9.00,9.00,11.00,18.00,17.00,15.00,9.00
23650.00,936.00,31.00,LYNGBYVEJEN (motor+lokal) nord for Emdrupvej,2011,413,MOD SYD (MOD BYEN),ANDRE BUSSER,,21.00,9.00,26.00,3.00,9.00,12.00,0.00,6.00,13.00,12.00,7.00,13.00
23651.00,936.00,31.00,LYNGBYVEJEN (motor+lokal) nord for Emdrupvej,2011,413,MOD SYD (MOD BYEN),B: TUNG TRAFIK I ALT,,72.00,65.00,96.00,62.00,89.00,68.00,64.00,82.00,90.00,48.00,27.00,34.00
23652.00,936.00,31.00,LYNGBYVEJEN (motor+lokal) nord for Emdrupvej,2011,413,MOD SYD (MOD BYEN),A+B: KØRETØJER I ALT,,3073.00,3573.00,2602.00,1876.00,1389.00,1576.00,1691.00,1951.00,2377.00,2908.00,2514.00,1909.00
23653.00,936.00,31.00,LYNGBYVEJEN (motor+lokal) nord for Emdrupvej,2011,413,MOD SYD (MOD BYEN),LADCYKLER,,2.00,2.00,0.00,0.00,0.00,0.00,1.00,0.00,0.00,0.00,0.00,0.00
23654.00,936.00,31.00,LYNGBYVEJEN (motor+lokal) nord for Emdrupvej,2011,413,MOD SYD (MOD BYEN),CYKLER + KNALLERTER,,417.00,545.00,191.00,105.00,71.00,110.00,103.00,157.00,305.00,270.00,294.00,174.00
23655.00,936.00,31.00,LYNGBYVEJEN (motor+lokal) nord for Emdrupvej,2011,413,MOD SYD (MOD BYEN),CYKLER + KNALLERTER + LADCYKLER,,419.00,547.00,191.00,105.00,71.00,110.00,104.00,157.00,305.00,270.00,294.00,174.00
27344.00,1093.00,59.00,ØSTERBROGADE 44 nord for Classensgade,2012,512,MOD NORD (FRA BYEN),PERSONBILER,,440.00,625.00,473.00,459.00,548.00,580.00,554.00,673.00,776.00,800.00,873.00,684.00
27345.00,1093.00,59.00,ØSTERBROGADE 44 nord for Classensgade,2012,512,MOD NORD (FRA BYEN),MOTORCYKLER,,3.00,10.00,3.00,7.00,4.00,9.00,5.00,5.00,16.00,16.00,6.00,11.00
27346.00,1093.00,59.00,ØSTERBROGADE 44 nord for Classensgade,2012,512,MOD NORD (FRA BYEN),"VAREVOGNE (MAX. 3,5 T)",,123.00,177.00,197.00,209.00,212.00,188.00,187.00,194.00,150.00,115.00,114.00,73.00
27347.00,1093.00,59.00,ØSTERBROGADE 44 nord for Classensgade,2012,512,MOD NORD (FRA BYEN),A: LET TRAFIK I ALT,,566.00,812.00,673.00,675.00,764.00,777.00,746.00,872.00,942.00,931.00,993.00,768.00
27348.00,1093.00,59.00,ØSTERBROGADE 44 nord for Classensgade,2012,512,MOD NORD (FRA BYEN),"LASTBILER, 2 AKSLER",,6.00,12.00,17.00,8.00,7.00,6.00,6.00,2.00,5.00,1.00,3.00,1.00
27349.00,1093.00,59.00,ØSTERBROGADE 44 nord for Classensgade,2012,512,MOD NORD (FRA BYEN),"LASTBILER, 3 AKSLER",,5.00,3.00,4.00,4.00,2.00,1.00,0.00,0.00,2.00,0.00,0.00,0.00
27350.00,1093.00,59.00,ØSTERBROGADE 44 nord for Classensgade,2012,512,MOD NORD (FRA BYEN),LASTBILER 4 - FLERE AKSLER,,2.00,2.00,1.00,6.00,1.00,2.00,4.00,3.00,0.00,0.00,0.00,0.00
27351.00,1093.00,59.00,ØSTERBROGADE 44 nord for Classensgade,2012,512,MOD NORD (FRA BYEN),BUSSER I FAST RUTE,,22.00,24.00,24.00,23.00,22.00,26.00,21.00,20.00,22.00,20.00,25.00,29.00
27352.00,1093.00,59.00,ØSTERBROGADE 44 nord for Classensgade,2012,512,MOD NORD (FRA BYEN),ANDRE BUSSER,,2.00,9.00,7.00,4.00,3.00,0.00,1.00,2.00,2.00,5.00,2.00,2.00
27353.00,1093.00,59.00,ØSTERBROGADE 44 nord for Classensgade,2012,512,MOD NORD (FRA BYEN),B: TUNG TRAFIK I ALT,,37.00,50.00,53.00,45.00,35.00,35.00,32.00,27.00,31.00,26.00,30.00,32.00
27354.00,1093.00,59.00,ØSTERBROGADE 44 nord for Classensgade,2012,512,MOD NORD (FRA BYEN),A+B: KØRETØJER I ALT,,603.00,862.00,726.00,720.00,799.00,812.00,778.00,899.00,973.00,957.00,1023.00,800.00
27355.00,1093.00,59.00,ØSTERBROGADE 44 nord for Classensgade,2012,512,MOD NORD (FRA BYEN),LADCYKLER,,7.00,28.00,11.00,11.00,6.00,9.00,7.00,20.00,28.00,37.00,28.00,12.00
27356.00,1093.00,59.00,ØSTERBROGADE 44 nord for Classensgade,2012,512,MOD NORD (FRA BYEN),CYKLER + KNALLERTER,,479.00,749.00,463.00,294.00,344.00,419.00,533.00,688.00,1016.00,1493.00,1273.00,769.00
27357.00,1093.00,59.00,ØSTERBROGADE 44 nord for Classensgade,2012,512,MOD NORD (FRA BYEN),CYKLER + KNALLERTER + LADCYKLER,,486.00,777.00,474.00,305.00,350.00,428.00,540.00,708.00,1044.00,1530.00,1301.00,781.00
27358.00,1093.00,59.00,ØSTERBROGADE 44 nord for Classensgade,2012,512,MOD SYD (MOD BYEN),PERSONBILER,,552.00,816.00,582.00,458.00,483.00,535.00,512.00,505.00,583.00,682.00,644.00,574.00
27359.00,1093.00,59.00,ØSTERBROGADE 44 nord for Classensgade,2012,512,MOD SYD (MOD BYEN),MOTORCYKLER,,13.00,3.00,4.00,4.00,6.00,8.00,2.00,7.00,6.00,5.00,7.00,7.00
27360.00,1093.00,59.00,ØSTERBROGADE 44 nord for Classensgade,2012,512,MOD SYD (MOD BYEN),"VAREVOGNE (MAX. 3,5 T)",,124.00,125.00,158.00,147.00,169.00,170.00,147.00,149.00,111.00,107.00,91.00,75.00
27361.00,1093.00,59.00,ØSTERBROGADE 44 nord for Classensgade,2012,512,MOD SYD (MOD BYEN),A: LET TRAFIK I ALT,,689.00,944.00,744.00,609.00,658.00,713.00,661.00,661.00,700.00,794.00,742.00,656.00
27362.00,1093.00,59.00,ØSTERBROGADE 44 nord for Classensgade,2012,512,MOD SYD (MOD BYEN),"LASTBILER, 2 AKSLER",,1.00,3.00,6.00,10.00,6.00,6.00,5.00,4.00,2.00,4.00,4.00,1.00
27363.00,1093.00,59.00,ØSTERBROGADE 44 nord for Classensgade,2012,512,MOD SYD (MOD BYEN),"LASTBILER, 3 AKSLER",,2.00,2.00,6.00,0.00,1.00,4.00,0.00,1.00,0.00,1.00,0.00,0.00
27364.00,1093.00,59.00,ØSTERBROGADE 44 nord for Classensgade,2012,512,MOD SYD (MOD BYEN),LASTBILER 4 - FLERE AKSLER,,4.00,1.00,1.00,2.00,4.00,2.00,3.00,0.00,2.00,2.00,0.00,0.00
27365.00,1093.00,59.00,ØSTERBROGADE 44 nord for Classensgade,2012,512,MOD SYD (MOD BYEN),BUSSER I FAST RUTE,,20.00,23.00,23.00,22.00,21.00,25.00,22.00,22.00,20.00,21.00,19.00,20.00
27366.00,1093.00,59.00,ØSTERBROGADE 44 nord for Classensgade,2012,512,MOD SYD (MOD BYEN),ANDRE BUSSER,,6.00,2.00,2.00,6.00,3.00,5.00,5.00,16.00,6.00,2.00,1.00,1.00
27367.00,1093.00,59.00,ØSTERBROGADE 44 nord for Classensgade,2012,512,MOD SYD (MOD BYEN),B: TUNG TRAFIK I ALT,,33.00,31.00,38.00,40.00,35.00,42.00,35.00,43.00,30.00,30.00,24.00,22.00
27368.00,1093.00,59.00,ØSTERBROGADE 44 nord for Classensgade,2012,512,MOD SYD (MOD BYEN),A+B: KØRETØJER I ALT,,722.00,975.00,782.00,649.00,693.00,755.00,696.00,704.00,730.00,824.00,766.00,678.00
27369.00,1093.00,59.00,ØSTERBROGADE 44 nord for Classensgade,2012,512,MOD SYD (MOD BYEN),LADCYKLER,,20.00,41.00,19.00,13.00,13.00,9.00,7.00,16.00,25.00,24.00,11.00,8.00
27370.00,1093.00,59.00,ØSTERBROGADE 44 nord for Classensgade,2012,512,MOD SYD (MOD BYEN),CYKLER + KNALLERTER,,962.00,1977.00,931.00,535.00,505.00,499.00,482.00,525.00,679.00,880.00,675.00,650.00
27371.00,1093.00,59.00,ØSTERBROGADE 44 nord for Classensgade,2012,512,MOD SYD (MOD BYEN),CYKLER + KNALLERTER + LADCYKLER,,982.00,2018.00,950.00,548.00,518.00,508.00,489.00,541.00,704.00,904.00,686.00,658.00
27372.00,1094.00,59.00,ØSTERBROGADE 44 nord for Classensgade,2012,929,MOD NORD (FRA BYEN),PERSONBILER,,413.00,503.00,386.00,386.00,419.00,483.00,487.00,685.00,735.00,727.00,730.00,618.00
27373.00,1094.00,59.00,ØSTERBROGADE 44 nord for Classensgade,2012,929,MOD NORD (FRA BYEN),MOTORCYKLER,,8.00,10.00,5.00,10.00,6.00,7.00,13.00,11.00,11.00,5.00,15.00,14.00
27374.00,1094.00,59.00,ØSTERBROGADE 44 nord for Classensgade,2012,929,MOD NORD (FRA BYEN),"VAREVOGNE (MAX. 3,5 T)",,146.00,124.00,178.00,180.00,191.00,186.00,186.00,188.00,147.00,142.00,99.00,76.00
27375.00,1094.00,59.00,ØSTERBROGADE 44 nord for Classensgade,2012,929,MOD NORD (FRA BYEN),A: LET TRAFIK I ALT,,567.00,637.00,569.00,576.00,616.00,676.00,686.00,884.00,893.00,874.00,844.00,708.00
27376.00,1094.00,59.00,ØSTERBROGADE 44 nord for Classensgade,2012,929,MOD NORD (FRA BYEN),"LASTBILER, 2 AKSLER",,9.00,17.00,9.00,7.00,10.00,8.00,6.00,6.00,6.00,4.00,2.00,1.00
27377.00,1094.00,59.00,ØSTERBROGADE 44 nord for Classensgade,2012,929,MOD NORD (FRA BYEN),"LASTBILER, 3 AKSLER",,9.00,5.00,6.00,5.00,4.00,2.00,1.00,1.00,0.00,0.00,0.00,0.00
27378.00,1094.00,59.00,ØSTERBROGADE 44 nord for Classensgade,2012,929,MOD NORD (FRA BYEN),LASTBILER 4 - FLERE AKSLER,,4.00,2.00,1.00,1.00,4.00,3.00,4.00,1.00,2.00,1.00,0.00,2.00
27379.00,1094.00,59.00,ØSTERBROGADE 44 nord for Classensgade,2012,929,MOD NORD (FRA BYEN),BUSSER I FAST RUTE,,22.00,25.00,26.00,21.00,20.00,22.00,22.00,20.00,22.00,24.00,24.00,20.00
27380.00,1094.00,59.00,ØSTERBROGADE 44 nord for Classensgade,2012,929,MOD NORD (FRA BYEN),ANDRE BUSSER,,3.00,8.00,4.00,2.00,4.00,3.00,0.00,1.00,1.00,2.00,5.00,2.00
27381.00,1094.00,59.00,ØSTERBROGADE 44 nord for Classensgade,2012,929,MOD NORD (FRA BYEN),B: TUNG TRAFIK I ALT,,47.00,57.00,46.00,36.00,42.00,38.00,33.00,29.00,31.00,31.00,31.00,25.00
27382.00,1094.00,59.00,ØSTERBROGADE 44 nord for Classensgade,2012,929,MOD NORD (FRA BYEN),A+B: KØRETØJER I ALT,,614.00,694.00,615.00,612.00,658.00,714.00,719.00,913.00,924.00,905.00,875.00,733.00
27383.00,1094.00,59.00,ØSTERBROGADE 44 nord for Classensgade,2012,929,MOD NORD (FRA BYEN),LADCYKLER,,11.00,36.00,19.00,20.00,9.00,21.00,10.00,17.00,30.00,49.00,37.00,19.00
27384.00,1094.00,59.00,ØSTERBROGADE 44 nord for Classensgade,2012,929,MOD NORD (FRA BYEN),CYKLER + KNALLERTER,,500.00,804.00,392.00,372.00,393.00,484.00,576.00,786.00,1219.00,1663.00,1506.00,994.00
27385.00,1094.00,59.00,ØSTERBROGADE 44 nord for Classensgade,2012,929,MOD NORD (FRA BYEN),CYKLER + KNALLERTER + LADCYKLER,,511.00,840.00,411.00,392.00,402.00,505.00,586.00,803.00,1249.00,1712.00,1543.00,1013.00
27386.00,1094.00,59.00,ØSTERBROGADE 44 nord for Classensgade,2012,929,MOD SYD (MOD BYEN),PERSONBILER,,557.00,781.00,529.00,429.00,481.00,491.00,523.00,548.00,604.00,674.00,653.00,564.00
27387.00,1094.00,59.00,ØSTERBROGADE 44 nord for Classensgade,2012,929,MOD SYD (MOD BYEN),MOTORCYKLER,,8.00,16.00,7.00,9.00,6.00,8.00,4.00,11.00,12.00,17.00,16.00,11.00
27388.00,1094.00,59.00,ØSTERBROGADE 44 nord for Classensgade,2012,929,MOD SYD (MOD BYEN),"VAREVOGNE (MAX. 3,5 T)",,123.00,133.00,150.00,182.00,182.00,180.00,177.00,125.00,127.00,99.00,74.00,66.00
27389.00,1094.00,59.00,ØSTERBROGADE 44 nord for Classensgade,2012,929,MOD SYD (MOD BYEN),A: LET TRAFIK I ALT,,688.00,930.00,686.00,620.00,669.00,679.00,704.00,684.00,743.00,790.00,743.00,641.00
27390.00,1094.00,59.00,ØSTERBROGADE 44 nord for Classensgade,2012,929,MOD SYD (MOD BYEN),"LASTBILER, 2 AKSLER",,6.00,8.00,9.00,4.00,13.00,8.00,2.00,3.00,0.00,4.00,3.00,5.00
27391.00,1094.00,59.00,ØSTERBROGADE 44 nord for Classensgade,2012,929,MOD SYD (MOD BYEN),"LASTBILER, 3 AKSLER",,4.00,5.00,6.00,1.00,3.00,7.00,2.00,3.00,2.00,0.00,0.00,0.00
27392.00,1094.00,59.00,ØSTERBROGADE 44 nord for Classensgade,2012,929,MOD SYD (MOD BYEN),LASTBILER 4 - FLERE AKSLER,,4.00,2.00,5.00,3.00,2.00,2.00,1.00,1.00,1.00,2.00,0.00,0.00
27393.00,1094.00,59.00,ØSTERBROGADE 44 nord for Classensgade,2012,929,MOD SYD (MOD BYEN),BUSSER I FAST RUTE,,21.00,23.00,22.00,23.00,22.00,20.00,24.00,21.00,22.00,22.00,21.00,21.00
27394.00,1094.00,59.00,ØSTERBROGADE 44 nord for Classensgade,2012,929,MOD SYD (MOD BYEN),ANDRE BUSSER,,7.00,3.00,2.00,1.00,4.00,3.00,6.00,10.00,11.00,5.00,1.00,2.00
27395.00,1094.00,59.00,ØSTERBROGADE 44 nord for Classensgade,2012,929,MOD SYD (MOD BYEN),B: TUNG TRAFIK I ALT,,42.00,41.00,44.00,32.00,44.00,40.00,35.00,38.00,36.00,33.00,25.00,28.00
27396.00,1094.00,59.00,ØSTERBROGADE 44 nord for Classensgade,2012,929,MOD SYD (MOD BYEN),A+B: KØRETØJER I ALT,,730.00,971.00,730.00,652.00,713.00,719.00,739.00,722.00,779.00,823.00,768.00,669.00
27397.00,1094.00,59.00,ØSTERBROGADE 44 nord for Classensgade,2012,929,MOD SYD (MOD BYEN),LADCYKLER,,11.00,33.00,23.00,10.00,13.00,6.00,9.00,15.00,42.00,46.00,17.00,13.00
27398.00,1094.00,59.00,ØSTERBROGADE 44 nord for Classensgade,2012,929,MOD SYD (MOD BYEN),CYKLER + KNALLERTER,,1188.00,2147.00,1021.00,504.00,526.00,523.00,594.00,678.00,1014.00,902.00,788.00,733.00
27399.00,1094.00,59.00,ØSTERBROGADE 44 nord for Classensgade,2012,929,MOD SYD (MOD BYEN),CYKLER + KNALLERTER + LADCYKLER,,1199.00,2180.00,1044.00,514.00,539.00,529.00,603.00,693.00,1056.00,948.00,805.00,746.00
28600.00,1143.00,129.00,BRYGGEBROEN cykel- og gangbro,2012,917,MOD FISKETORVET,CYKLER,,549.00,732.00,298.00,112.00,165.00,192.00,229.00,325.00,533.00,627.00,484.00,298.00
28601.00,1143.00,129.00,BRYGGEBROEN cykel- og gangbro,2012,917,MOD FISKETORVET,LADCYKLER,,4.00,21.00,6.00,1.00,6.00,2.00,3.00,11.00,11.00,17.00,6.00,5.00
28602.00,1143.00,129.00,BRYGGEBROEN cykel- og gangbro,2012,917,MOD FISKETORVET,KNALLERTER,,3.00,1.00,1.00,2.00,5.00,0.00,1.00,4.00,4.00,0.00,2.00,1.00
28603.00,1143.00,129.00,BRYGGEBROEN cykel- og gangbro,2012,917,MOD FISKETORVET,CYKLER + KNALLERTER I ALT,,556.00,754.00,305.00,115.00,176.00,194.00,233.00,340.00,548.00,644.00,492.00,304.00
28604.00,1143.00,129.00,BRYGGEBROEN cykel- og gangbro,2012,917,MOD FISKETORVET,FODGÆNGERE,,107.00,113.00,58.00,63.00,47.00,59.00,65.00,88.00,120.00,136.00,137.00,119.00
28605.00,1143.00,129.00,BRYGGEBROEN cykel- og gangbro,2012,917,MOD FISKETORVET,BARNEVOGNE,,1.00,1.00,4.00,5.00,7.00,17.00,6.00,8.00,12.00,12.00,5.00,1.00
28606.00,1143.00,129.00,BRYGGEBROEN cykel- og gangbro,2012,917,MOD FISKETORVET,FODGÆNGERE + BARNEVOGNE I ALT,,108.00,114.00,62.00,68.00,54.00,76.00,71.00,96.00,132.00,148.00,142.00,120.00
28607.00,1143.00,129.00,BRYGGEBROEN cykel- og gangbro,2012,917,MOD FISKETORVET,TALTE I ALT,,664.00,868.00,367.00,183.00,230.00,270.00,304.00,436.00,680.00,792.00,634.00,424.00
28608.00,1143.00,129.00,BRYGGEBROEN cykel- og gangbro,2012,917,MOD AMAGER,CYKLER,,346.00,756.00,431.00,181.00,170.00,204.00,240.00,332.00,416.00,562.00,431.00,292.00
28609.00,1143.00,129.00,BRYGGEBROEN cykel- og gangbro,2012,917,MOD AMAGER,LADCYKLER,,2.00,16.00,4.00,2.00,2.00,9.00,3.00,6.00,12.00,15.00,12.00,4.00
28610.00,1143.00,129.00,BRYGGEBROEN cykel- og gangbro,2012,917,MOD AMAGER,KNALLERTER,,1.00,0.00,3.00,1.00,2.00,0.00,2.00,5.00,2.00,2.00,1.00,1.00
28611.00,1143.00,129.00,BRYGGEBROEN cykel- og gangbro,2012,917,MOD AMAGER,CYKLER + KNALLERTER I ALT,,349.00,772.00,438.00,184.00,174.00,213.00,245.00,343.00,430.00,579.00,444.00,297.00
28612.00,1143.00,129.00,BRYGGEBROEN cykel- og gangbro,2012,917,MOD AMAGER,FODGÆNGERE,,61.00,145.00,89.00,70.00,54.00,59.00,40.00,59.00,99.00,117.00,142.00,105.00
28613.00,1143.00,129.00,BRYGGEBROEN cykel- og gangbro,2012,917,MOD AMAGER,BARNEVOGNE,,1.00,1.00,2.00,5.00,5.00,3.00,10.00,12.00,9.00,9.00,13.00,2.00
28614.00,1143.00,129.00,BRYGGEBROEN cykel- og gangbro,2012,917,MOD AMAGER,FODGÆNGERE + BARNEVOGNE I ALT,,62.00,146.00,91.00,75.00,59.00,62.00,50.00,71.00,108.00,126.00,155.00,107.00
28615.00,1143.00,129.00,BRYGGEBROEN cykel- og gangbro,2012,917,MOD AMAGER,TALTE I ALT,,411.00,918.00,529.00,259.00,233.00,275.00,295.00,414.00,538.00,705.00,599.00,404.00
28600.00,1143.00,129.00,BRYGGEBROEN cykel- og gangbro,2023,917,MOD FISKETORVET,Cykler,,1893.00,3135.00,1239.00,680.00,638.00,835.00,831.00,1170.00,2001.00,2569.00,1880.00,1254.00
28601.00,1143.00,129.00,BRYGGEBROEN cykel- og gangbro,2023,917,MOD FISKETORVET,Ladcykler,,58.00,177.00,50.00,37.00,37.00,29.00,34.00,56.00,153.00,111.00,71.00,38.00
28602.00,1143.00,129.00,BRYGGEBROEN cykel- og gangbro,2023,917,MOD FISKETORVET,Knallerter,,2.00,2.00,1.00,2.00,5.00,2.00,2.00,3.00,4.00,3.00,4.00,6.00
28603.00,1143.00,129.00,BRYGGEBROEN cykel- og gangbro,2023,917,MOD FISKETORVET,El-løbehjul o.l.,,14.00,12.00,8.00,0.00,4.00,5.00,2.00,18.00,9.00,14.00,11.00,4.00
28604.00,1143.00,129.00,BRYGGEBROEN cykel- og gangbro,2023,917,MOD FISKETORVET,CYKLER OG KNALLERTER I ALT,,1967.00,3326.00,1298.00,719.00,684.00,871.00,869.00,1247.00,2167.00,2697.00,1966.00,1302.00
28605.00,1143.00,129.00,BRYGGEBROEN cykel- og gangbro,2023,917,MOD FISKETORVET,Fodgængere,,265.00,376.00,191.00,166.00,160.00,247.00,227.00,299.00,398.00,502.00,514.00,346.00
28606.00,1143.00,129.00,BRYGGEBROEN cykel- og gangbro,2023,917,MOD FISKETORVET,FODGÆNGERE I ALT,,265.00,376.00,191.00,166.00,160.00,247.00,227.00,299.00,398.00,502.00,514.00,346.00
28607.00,1143.00,129.00,BRYGGEBROEN cykel- og gangbro,2023,917,MOD FISKETORVET,ALT I ALT,,2232.00,3702.00,1489.00,885.00,844.00,1118.00,1096.00,1546.00,2565.00,3199.00,2480.00,1648.00
28608.00,1143.00,129.00,BRYGGEBROEN cykel- og gangbro,2023,917,MOD AMAGER,Cykler,,1116.00,1506.00,576.00,330.00,318.00,378.00,423.00,573.00,941.00,1270.00,976.00,617.00
28609.00,1143.00,129.00,BRYGGEBROEN cykel- og gangbro,2023,917,MOD AMAGER,Ladcykler,,38.00,106.00,30.00,20.00,21.00,13.00,15.00,27.00,70.00,46.00,27.00,17.00
28610.00,1143.00,129.00,BRYGGEBROEN cykel- og gangbro,2023,917,MOD AMAGER,Knallerter,,2.00,1.00,1.00,1.00,2.00,1.00,0.00,1.00,2.00,0.00,2.00,1.00
28611.00,1143.00,129.00,BRYGGEBROEN cykel- og gangbro,2023,917,MOD AMAGER,El-løbehjul o.l.,,8.00,8.00,7.00,0.00,1.00,4.00,0.00,7.00,5.00,7.00,2.00,0.00
28612.00,1143.00,129.00,BRYGGEBROEN cykel- og gangbro,2023,917,MOD AMAGER,CYKLER OG KNALLERTER I ALT,,1164.00,1621.00,614.00,351.00,342.00,396.00,438.00,608.00,1018.00,1323.00,1007.00,635.00
28613.00,1143.00,129.00,BRYGGEBROEN cykel- og gangbro,2023,917,MOD AMAGER,Fodgængere,,143.00,126.00,79.00,75.00,70.00,117.00,104.00,163.00,220.00,272.00,188.00,150.00
28614.00,1143.00,129.00,BRYGGEBROEN cykel- og gangbro,2023,917,MOD AMAGER,FODGÆNGERE I ALT,,143.00,126.00,79.00,75.00,70.00,117.00,104.00,163.00,220.00,272.00,188.00,150.00
28615.00,1143.00,129.00,BRYGGEBROEN cykel- og gangbro,2023,917,MOD AMAGER,ALT I ALT,,1307.00,1747.00,693.00,426.00,412.00,513.00,542.00,771.00,1238.00,1595.00,1195.00,785.00
28600.00,1143.00,129.00,BRYGGEBROEN cykel- og gangbro,2023,917,MOD FISKETORVET,PERSONBILER,,0.00,0.00,0.00,0.00,0.00,0.00,0.00,0.00,0.00,0.00,0.00,0.00
28601.00,1143.00,129.00,BRYGGEBROEN cykel- og gangbro,2023,917,MOD FISKETORVET,"VAREVOGNE (MAX. 3,5 T)",,0.00,0.00,0.00,0.00,0.00,0.00,0.00,0.00,0.00,0.00,0.00,0.00
28602.00,1143.00,129.00,BRYGGEBROEN cykel- og gangbro,2023,917,MOD FISKETORVET,MOTORCYKLER,,0.00,0.00,0.00,0.00,0.00,0.00,0.00,0.00,0.00,0.00,0.00,0.00
28603.00,1143.00,129.00,BRYGGEBROEN cykel- og gangbro,2023,917,MOD FISKETORVET,A: LET TRAFIK I ALT,,0.00,0.00,0.00,0.00,0.00,0.00,0.00,0.00,0.00,0.00,0.00,0.00
28604.00,1143.00,129.00,BRYGGEBROEN cykel- og gangbro,2023,917,MOD FISKETORVET,"LASTBILER, 2 AKSLER",,0.00,0.00,0.00,0.00,0.00,0.00,0.00,0.00,0.00,0.00,0.00,0.00
28605.00,1143.00,129.00,BRYGGEBROEN cykel- og gangbro,2023,917,MOD FISKETORVET,"LASTBILER, 3 AKSLER",,0.00,0.00,0.00,0.00,0.00,0.00,0.00,0.00,0.00,0.00,0.00,0.00
28606.00,1143.00,129.00,BRYGGEBROEN cykel- og gangbro,2023,917,MOD FISKETORVET,"LASTBILER, 4 - FLERE AKSLER",,0.00,0.00,0.00,0.00,0.00,0.00,0.00,0.00,0.00,0.00,0.00,0.00
28607.00,1143.00,129.00,BRYGGEBROEN cykel- og gangbro,2023,917,MOD FISKETORVET,BUSSER I FAST RUTE,,0.00,0.00,0.00,0.00,0.00,0.00,0.00,0.00,0.00,0.00,0.00,0.00
28608.00,1143.00,129.00,BRYGGEBROEN cykel- og gangbro,2023,917,MOD FISKETORVET,ANDRE BUSSER,,0.00,0.00,0.00,0.00,0.00,0.00,0.00,0.00,0.00,0.00,0.00,0.00
28609.00,1143.00,129.00,BRYGGEBROEN cykel- og gangbro,2023,917,MOD FISKETORVET,B: TUNG TRAFIK I ALT,,0.00,0.00,0.00,0.00,0.00,0.00,0.00,0.00,0.00,0.00,0.00,0.00
28610.00,1143.00,129.00,BRYGGEBROEN cykel- og gangbro,2023,917,MOD FISKETORVET,A+B: KØRETØJER I ALT,,0.00,0.00,0.00,0.00,0.00,0.00,0.00,0.00,0.00,0.00,0.00,0.00
28611.00,1143.00,129.00,BRYGGEBROEN cykel- og gangbro,2023,917,MOD AMAGER,"VAREVOGNE (MAX. 3,5 T)",,0.00,0.00,0.00,0.00,0.00,0.00,0.00,0.00,0.00,0.00,0.00,0.00
28612.00,1143.00,129.00,BRYGGEBROEN cykel- og gangbro,2023,917,MOD AMAGER,MOTORCYKLER,,0.00,0.00,0.00,0.00,0.00,0.00,0.00,0.00,0.00,0.00,0.00,0.00
28613.00,1143.00,129.00,BRYGGEBROEN cykel- og gangbro,2023,917,MOD AMAGER,A: LET TRAFIK I ALT,,0.00,0.00,0.00,0.00,0.00,0.00,0.00,0.00,0.00,0.00,0.00,0.00
28614.00,1143.00,129.00,BRYGGEBROEN cykel- og gangbro,2023,917,MOD AMAGER,"LASTBILER, 2 AKSLER",,0.00,0.00,0.00,0.00,0.00,0.00,0.00,0.00,0.00,0.00,0.00,0.00
28615.00,1143.00,129.00,BRYGGEBROEN cykel- og gangbro,2023,917,MOD AMAGER,"LASTBILER, 3 AKSLER",,0.00,0.00,0.00,0.00,0.00,0.00,0.00,0.00,0.00,0.00,0.00,0.00
28611.00,1143.00,129.00,BRYGGEBROEN cykel- og gangbro,2023,917,MOD AMAGER,"LASTBILER, 4 - FLERE AKSLER",,0.00,0.00,0.00,0.00,0.00,0.00,0.00,0.00,0.00,0.00,0.00,0.00
28612.00,1143.00,129.00,BRYGGEBROEN cykel- og gangbro,2023,917,MOD AMAGER,BUSSER I FAST RUTE,,0.00,0.00,0.00,0.00,0.00,0.00,0.00,0.00,0.00,0.00,0.00,0.00
28613.00,1143.00,129.00,BRYGGEBROEN cykel- og gangbro,2023,917,MOD AMAGER,ANDRE BUSSER,,0.00,0.00,0.00,0.00,0.00,0.00,0.00,0.00,0.00,0.00,0.00,0.00
28614.00,1143.00,129.00,BRYGGEBROEN cykel- og gangbro,2023,917,MOD AMAGER,B: TUNG TRAFIK I ALT,,0.00,0.00,0.00,0.00,0.00,0.00,0.00,0.00,0.00,0.00,0.00,0.00
28615.00,1143.00,129.00,BRYGGEBROEN cykel- og gangbro,2023,917,MOD AMAGER,A+B: KØRETØJER I ALT,,0.00,0.00,0.00,0.00,0.00,0.00,0.00,0.00,0.00,0.00,0.00,0.00
29206.00,1166.00,29.00,LANGEBRO,2012,927,MOD NORDVEST (MOD RÅDHUSPL.),PERSONBILER,,1659.00,1557.00,1016.00,941.00,969.00,959.00,1132.00,1284.00,1507.00,1424.00,1582.00,1274.00
29207.00,1166.00,29.00,LANGEBRO,2012,927,MOD NORDVEST (MOD RÅDHUSPL.),"VAREVOGNE (MAX. 3,5 T)",,402.00,392.00,353.00,370.00,386.00,378.00,366.00,348.00,320.00,233.00,234.00,171.00
29208.00,1166.00,29.00,LANGEBRO,2012,927,MOD NORDVEST (MOD RÅDHUSPL.),MOTORCYKLER,,19.00,29.00,11.00,8.00,4.00,7.00,15.00,9.00,14.00,9.00,9.00,6.00
29209.00,1166.00,29.00,LANGEBRO,2012,927,MOD NORDVEST (MOD RÅDHUSPL.),A: LET TRAFIK I ALT,,2080.00,1978.00,1380.00,1319.00,1359.00,1344.00,1513.00,1641.00,1841.00,1666.00,1825.00,1451.00
29210.00,1166.00,29.00,LANGEBRO,2012,927,MOD NORDVEST (MOD RÅDHUSPL.),"LASTBILER, 2 AKSLER",,20.00,35.00,22.00,43.00,33.00,35.00,13.00,16.00,10.00,19.00,15.00,10.00
29211.00,1166.00,29.00,LANGEBRO,2012,927,MOD NORDVEST (MOD RÅDHUSPL.),"LASTBILER, 3 AKSLER",,11.00,10.00,17.00,22.00,7.00,18.00,11.00,7.00,6.00,2.00,0.00,0.00
29212.00,1166.00,29.00,LANGEBRO,2012,927,MOD NORDVEST (MOD RÅDHUSPL.),"LASTBILER, 4 - FLERE AKSLER",,21.00,40.00,31.00,35.00,22.00,40.00,29.00,27.00,14.00,8.00,0.00,1.00
29213.00,1166.00,29.00,LANGEBRO,2012,927,MOD NORDVEST (MOD RÅDHUSPL.),BUSSER I FAST RUTE,,30.00,30.00,27.00,26.00,24.00,26.00,32.00,30.00,29.00,32.00,32.00,24.00
29214.00,1166.00,29.00,LANGEBRO,2012,927,MOD NORDVEST (MOD RÅDHUSPL.),ANDRE BUSSER,,10.00,10.00,10.00,10.00,5.00,7.00,15.00,14.00,3.00,6.00,2.00,4.00
29215.00,1166.00,29.00,LANGEBRO,2012,927,MOD NORDVEST (MOD RÅDHUSPL.),B: TUNG TRAFIK I ALT,,92.00,125.00,107.00,136.00,91.00,126.00,100.00,94.00,62.00,67.00,49.00,39.00
29216.00,1166.00,29.00,LANGEBRO,2012,927,MOD NORDVEST (MOD RÅDHUSPL.),A+B: KØRETØJER I ALT,,2172.00,2103.00,1487.00,1455.00,1450.00,1470.00,1613.00,1735.00,1903.00,1733.00,1874.00,1490.00
29217.00,1166.00,29.00,LANGEBRO,2012,927,MOD NORDVEST (MOD RÅDHUSPL.),LADCYKLER,,18.00,36.00,14.00,10.00,13.00,23.00,4.00,14.00,26.00,16.00,20.00,7.00
29218.00,1166.00,29.00,LANGEBRO,2012,927,MOD NORDVEST (MOD RÅDHUSPL.),CYKLER + KNALLERTER,,1700.00,2407.00,1046.00,578.00,554.00,616.00,624.00,839.00,1325.00,1307.00,865.00,615.00
29219.00,1166.00,29.00,LANGEBRO,2012,927,MOD NORDVEST (MOD RÅDHUSPL.),CYKLER + KNALLERTER I ALT,,1718.00,2443.00,1060.00,588.00,567.00,639.00,628.00,853.00,1351.00,1323.00,885.00,622.00
29220.00,1166.00,29.00,LANGEBRO,2012,927,MOD SYDØST (MOD AMAGER),PERSONBILER,,1314.00,1451.00,1109.00,986.00,1036.00,1137.00,1087.00,1344.00,1676.00,1833.00,1730.00,1491.00
29221.00,1166.00,29.00,LANGEBRO,2012,927,MOD SYDØST (MOD AMAGER),"VAREVOGNE (MAX. 3,5 T)",,339.00,302.00,365.00,378.00,389.00,409.00,397.00,397.00,397.00,271.00,267.00,186.00
29222.00,1166.00,29.00,LANGEBRO,2012,927,MOD SYDØST (MOD AMAGER),MOTORCYKLER,,11.00,6.00,14.00,11.00,20.00,9.00,15.00,9.00,24.00,18.00,17.00,9.00
29223.00,1166.00,29.00,LANGEBRO,2012,927,MOD SYDØST (MOD AMAGER),A: LET TRAFIK I ALT,,1664.00,1759.00,1488.00,1375.00,1445.00,1555.00,1499.00,1750.00,2097.00,2122.00,2014.00,1686.00
29224.00,1166.00,29.00,LANGEBRO,2012,927,MOD SYDØST (MOD AMAGER),"LASTBILER, 2 AKSLER",,24.00,20.00,22.00,20.00,20.00,21.00,19.00,16.00,8.00,5.00,7.00,4.00
29225.00,1166.00,29.00,LANGEBRO,2012,927,MOD SYDØST (MOD AMAGER),"LASTBILER, 3 AKSLER",,11.00,14.00,18.00,19.00,11.00,21.00,10.00,8.00,0.00,2.00,0.00,0.00
29226.00,1166.00,29.00,LANGEBRO,2012,927,MOD SYDØST (MOD AMAGER),"LASTBILER, 4 - FLERE AKSLER",,14.00,21.00,30.00,40.00,35.00,28.00,22.00,17.00,9.00,9.00,5.00,3.00
29227.00,1166.00,29.00,LANGEBRO,2012,927,MOD SYDØST (MOD AMAGER),BUSSER I FAST RUTE,,30.00,28.00,30.00,24.00,25.00,21.00,33.00,28.00,30.00,28.00,31.00,22.00
29228.00,1166.00,29.00,LANGEBRO,2012,927,MOD SYDØST (MOD AMAGER),ANDRE BUSSER,,4.00,3.00,8.00,9.00,5.00,2.00,0.00,3.00,14.00,14.00,9.00,7.00
29229.00,1166.00,29.00,LANGEBRO,2012,927,MOD SYDØST (MOD AMAGER),B: TUNG TRAFIK I ALT,,83.00,86.00,108.00,112.00,96.00,93.00,84.00,72.00,61.00,58.00,52.00,36.00
29230.00,1166.00,29.00,LANGEBRO,2012,927,MOD SYDØST (MOD AMAGER),A+B: KØRETØJER I ALT,,1747.00,1845.00,1596.00,1487.00,1541.00,1648.00,1583.00,1822.00,2158.00,2180.00,2066.00,1722.00
29231.00,1166.00,29.00,LANGEBRO,2012,927,MOD SYDØST (MOD AMAGER),LADCYKLER,,4.00,23.00,10.00,4.00,10.00,4.00,4.00,14.00,19.00,35.00,12.00,8.00
29232.00,1166.00,29.00,LANGEBRO,2012,927,MOD SYDØST (MOD AMAGER),CYKLER + KNALLERTER,,844.00,1661.00,1011.00,554.00,575.00,738.00,675.00,762.00,1291.00,1686.00,1236.00,923.00
29233.00,1166.00,29.00,LANGEBRO,2012,927,MOD SYDØST (MOD AMAGER),CYKLER + KNALLERTER I ALT,,848.00,1684.00,1021.00,558.00,585.00,742.00,679.00,776.00,1310.00,1721.00,1248.00,931.00
30256.00,1209.00,5.00,DRONNING LOUISES BRO,2013,911,MOD VEST (FRA BYEN),PERSONBILER + MOTORCYKL.,,111.00,158.00,128.00,134.00,133.00,132.00,156.00,182.00,197.00,186.00,146.00,157.00
30257.00,1209.00,5.00,DRONNING LOUISES BRO,2013,911,MOD VEST (FRA BYEN),"VAREVOGNE (MAX. 3,5 T)",,35.00,58.00,44.00,57.00,57.00,60.00,68.00,68.00,59.00,33.00,28.00,23.00
30258.00,1209.00,5.00,DRONNING LOUISES BRO,2013,911,MOD VEST (FRA BYEN),A: LET TRAFIK I ALT,,146.00,216.00,172.00,191.00,190.00,192.00,224.00,250.00,256.00,219.00,174.00,180.00
30259.00,1209.00,5.00,DRONNING LOUISES BRO,2013,911,MOD VEST (FRA BYEN),"LASTBILER, 2-3 AKSLER",,3.00,6.00,7.00,7.00,10.00,5.00,4.00,2.00,2.00,1.00,0.00,0.00
30260.00,1209.00,5.00,DRONNING LOUISES BRO,2013,911,MOD VEST (FRA BYEN),LASTBILER 4+ AKSLER,,2.00,0.00,1.00,2.00,0.00,1.00,0.00,1.00,0.00,0.00,0.00,0.00
30261.00,1209.00,5.00,DRONNING LOUISES BRO,2013,911,MOD VEST (FRA BYEN),BUSSER,,25.00,27.00,27.00,23.00,23.00,23.00,23.00,28.00,25.00,27.00,26.00,19.00
30262.00,1209.00,5.00,DRONNING LOUISES BRO,2013,911,MOD VEST (FRA BYEN),B: TUNG TRAFIK I ALT,,30.00,33.00,35.00,32.00,33.00,29.00,27.00,31.00,27.00,28.00,26.00,19.00
30263.00,1209.00,5.00,DRONNING LOUISES BRO,2013,911,MOD VEST (FRA BYEN),A+B: KØRETØJER I ALT,,176.00,249.00,207.00,223.00,223.00,221.00,251.00,281.00,283.00,247.00,200.00,199.00
30277.00,1209.00,5.00,DRONNING LOUISES BRO,2013,911,MOD ØST (MOD BYEN),PERSONBILER + MOTORCYKL.,,86.00,92.00,89.00,76.00,76.00,76.00,78.00,89.00,106.00,94.00,117.00,116.00
30278.00,1209.00,5.00,DRONNING LOUISES BRO,2013,911,MOD ØST (MOD BYEN),"VAREVOGNE (MAX. 3,5 T)",,48.00,35.00,22.00,44.00,38.00,43.00,28.00,26.00,24.00,20.00,13.00,15.00
30279.00,1209.00,5.00,DRONNING LOUISES BRO,2013,911,MOD ØST (MOD BYEN),A: LET TRAFIK I ALT,,134.00,127.00,111.00,120.00,114.00,119.00,106.00,115.00,130.00,114.00,130.00,131.00
30280.00,1209.00,5.00,DRONNING LOUISES BRO,2013,911,MOD ØST (MOD BYEN),"LASTBILER, 2-3 AKSLER",,8.00,10.00,6.00,2.00,4.00,3.00,2.00,3.00,0.00,0.00,0.00,0.00
30281.00,1209.00,5.00,DRONNING LOUISES BRO,2013,911,MOD ØST (MOD BYEN),LASTBILER 4+ AKSLER,,0.00,0.00,0.00,0.00,0.00,0.00,0.00,0.00,1.00,0.00,0.00,0.00
30282.00,1209.00,5.00,DRONNING LOUISES BRO,2013,911,MOD ØST (MOD BYEN),BUSSER,,28.00,30.00,27.00,22.00,25.00,23.00,24.00,24.00,26.00,30.00,27.00,20.00
30283.00,1209.00,5.00,DRONNING LOUISES BRO,2013,911,MOD ØST (MOD BYEN),B: TUNG TRAFIK I ALT,,36.00,40.00,33.00,24.00,29.00,26.00,26.00,27.00,27.00,30.00,27.00,20.00
30284.00,1209.00,5.00,DRONNING LOUISES BRO,2013,911,MOD ØST (MOD BYEN),A+B: KØRETØJER I ALT,,170.00,167.00,144.00,144.00,143.00,145.00,132.00,142.00,157.00,144.00,157.00,151.00
30284.00,1209.00,5.00,DRONNING LOUISES BRO,2022,915,MOD VEST (FRA BYEN),Cykler og knallerter,,1532.00,3412.00,1601.00,959.00,876.00,805.00,796.00,944.00,1228.00,1336.00,1169.00,1005.00
30284.00,1209.00,5.00,DRONNING LOUISES BRO,2022,915,MOD VEST (FRA BYEN),Ladcykler,,93.00,166.00,84.00,43.00,48.00,49.00,57.00,54.00,100.00,62.00,40.00,37.00
30284.00,1209.00,5.00,DRONNING LOUISES BRO,2022,915,MOD VEST (FRA BYEN),El-løbehjul o.l.,,1.00,6.00,3.00,3.00,3.00,6.00,4.00,4.00,10.00,7.00,4.00,3.00
30284.00,1209.00,5.00,DRONNING LOUISES BRO,2022,915,MOD ØST (MOD BYEN),Cykler og knallerter,,483.00,902.00,451.00,458.00,521.00,694.00,680.00,1011.00,1730.00,2325.00,2236.00,1543.00
30284.00,1209.00,5.00,DRONNING LOUISES BRO,2022,915,MOD ØST (MOD BYEN),Ladcykler,,33.00,84.00,31.00,22.00,34.00,23.00,42.00,57.00,146.00,116.00,63.00,30.00
30284.00,1209.00,5.00,DRONNING LOUISES BRO,2022,915,MOD ØST (MOD BYEN),El-løbehjul o.l.,,2.00,5.00,4.00,9.00,5.00,4.00,3.00,4.00,2.00,3.00,1.00,3.00
30284.00,1209.00,5.00,DRONNING LOUISES BRO,2022,915,MOD VEST (FRA BYEN),PERSONBILER + MOTORCYKL.,,60.00,144.00,105.00,101.00,115.00,97.00,134.00,174.00,239.00,161.00,126.00,141.00
30284.00,1209.00,5.00,DRONNING LOUISES BRO,2022,915,MOD VEST (FRA BYEN),"VAREVOGNE (MAX. 3,5 T)",,20.00,37.00,55.00,49.00,43.00,49.00,58.00,76.00,42.00,30.00,19.00,12.00
30284.00,1209.00,5.00,DRONNING LOUISES BRO,2022,915,MOD VEST (FRA BYEN),"LASTBILER, 2-3 aksler",,3.00,1.00,4.00,6.00,4.00,7.00,2.00,3.00,0.00,0.00,1.00,0.00
30284.00,1209.00,5.00,DRONNING LOUISES BRO,2022,915,MOD VEST (FRA BYEN),LASTBILER 4+ aksler,,1.00,0.00,0.00,0.00,1.00,1.00,0.00,0.00,1.00,1.00,1.00,1.00
30284.00,1209.00,5.00,DRONNING LOUISES BRO,2022,915,MOD VEST (FRA BYEN),BUSSER,,14.00,22.00,21.00,19.00,19.00,17.00,19.00,19.00,19.00,21.00,19.00,15.00
30284.00,1209.00,5.00,DRONNING LOUISES BRO,2022,915,MOD ØST (MOD BYEN),PERSONBILER + MOTORCYKL.,,64.00,122.00,74.00,70.00,70.00,88.00,89.00,96.00,119.00,118.00,127.00,126.00
30284.00,1209.00,5.00,DRONNING LOUISES BRO,2022,915,MOD ØST (MOD BYEN),"VAREVOGNE (MAX. 3,5 T)",,38.00,34.00,46.00,47.00,56.00,45.00,38.00,24.00,30.00,22.00,11.00,6.00
30284.00,1209.00,5.00,DRONNING LOUISES BRO,2022,915,MOD ØST (MOD BYEN),"LASTBILER, 2-3 aksler",,2.00,6.00,2.00,4.00,3.00,1.00,1.00,0.00,0.00,0.00,0.00,1.00
30284.00,1209.00,5.00,DRONNING LOUISES BRO,2022,915,MOD ØST (MOD BYEN),LASTBILER 4+ aksler,,1.00,0.00,0.00,0.00,0.00,1.00,0.00,2.00,0.00,1.00,0.00,0.00
30284.00,1209.00,5.00,DRONNING LOUISES BRO,2022,915,MOD ØST (MOD BYEN),BUSSER,,12.00,20.00,20.00,18.00,17.00,20.00,18.00,19.00,17.00,20.00,19.00,16.00
30284.00,1209.00,69.00,FREDENSBRO ved Sortedamssøen,2012,929,Vest (fra byen),PERSONBILER,,1046.00,1227.00,888.00,814.00,914.00,1033.00,950.00,1153.00,1610.00,1938.00,1819.00,1213.00
30284.00,1209.00,69.00,FREDENSBRO ved Sortedamssøen,2012,929,Vest (fra byen),MOTORCYKLER,,18.00,14.00,8.00,6.00,3.00,9.00,11.00,24.00,35.00,29.00,27.00,13.00
30284.00,1209.00,69.00,FREDENSBRO ved Sortedamssøen,2012,929,Vest (fra byen),"VAREVOGNE (MAX. 3,5 T)",,274.00,232.00,274.00,262.00,283.00,289.00,295.00,343.00,284.00,161.00,104.00,85.00
30284.00,1209.00,69.00,FREDENSBRO ved Sortedamssøen,2012,929,Vest (fra byen),"SOLOLASTBILER, 2 aksler",,21.00,16.00,16.00,19.00,25.00,4.00,7.00,4.00,3.00,3.00,3.00,0.00
30284.00,1209.00,69.00,FREDENSBRO ved Sortedamssøen,2012,929,Vest (fra byen),"SOLOLASTBILER, 3 aksler",,2.00,5.00,6.00,2.00,7.00,5.00,8.00,2.00,1.00,0.00,0.00,1.00
30284.00,1209.00,69.00,FREDENSBRO ved Sortedamssøen,2012,929,Vest (fra byen),KØRETØJER 4 - flere aksler,,12.00,5.00,5.00,7.00,15.00,7.00,9.00,5.00,3.00,0.00,0.00,2.00
30284.00,1209.00,69.00,FREDENSBRO ved Sortedamssøen,2012,929,Vest (fra byen),BUSSER I FAST RUTE,,46.00,46.00,32.00,27.00,23.00,26.00,26.00,38.00,36.00,43.00,33.00,27.00
30284.00,1209.00,69.00,FREDENSBRO ved Sortedamssøen,2012,929,Vest (fra byen),ANDRE BUSSER,,1.00,8.00,2.00,3.00,0.00,3.00,5.00,2.00,2.00,0.00,1.00,3.00
30284.00,1209.00,69.00,FREDENSBRO ved Sortedamssøen,2012,929,Vest (fra byen),LADCYKLER,,9.00,20.00,5.00,4.00,3.00,7.00,6.00,9.00,18.00,19.00,14.00,7.00
30284.00,1209.00,69.00,FREDENSBRO ved Sortedamssøen,2012,929,Vest (fra byen),CYKLER + KNALLERTER,,703.00,928.00,476.00,310.00,278.00,392.00,425.00,570.00,1004.00,1281.00,1069.00,701.00
30284.00,1209.00,69.00,FREDENSBRO ved Sortedamssøen,2012,929,Øst (mod byen),PERSONBILER,,1584.00,1745.00,1294.00,1006.00,1053.00,1193.00,1130.00,1214.00,1404.00,1440.00,1337.00,1223.00
30284.00,1209.00,69.00,FREDENSBRO ved Sortedamssøen,2012,929,Øst (mod byen),MOTORCYKLER,,22.00,34.00,18.00,17.00,8.00,19.00,16.00,16.00,22.00,26.00,20.00,17.00
30284.00,1209.00,69.00,FREDENSBRO ved Sortedamssøen,2012,929,Øst (mod byen),"VAREVOGNE (MAX. 3,5 T)",,325.00,286.00,354.00,409.00,325.00,331.00,339.00,311.00,287.00,201.00,159.00,139.00
30284.00,1209.00,69.00,FREDENSBRO ved Sortedamssøen,2012,929,Øst (mod byen),"SOLOLASTBILER, 2 aksler",,15.00,10.00,15.00,38.00,37.00,37.00,16.00,8.00,4.00,17.00,12.00,15.00
30284.00,1209.00,69.00,FREDENSBRO ved Sortedamssøen,2012,929,Øst (mod byen),"SOLOLASTBILER, 3 aksler",,6.00,4.00,6.00,6.00,8.00,2.00,6.00,4.00,1.00,0.00,0.00,0.00
30284.00,1209.00,69.00,FREDENSBRO ved Sortedamssøen,2012,929,Øst (mod byen),KØRETØJER 4 - flere aksler,,5.00,9.00,8.00,5.00,12.00,10.00,7.00,10.00,0.00,2.00,1.00,4.00
30284.00,1209.00,69.00,FREDENSBRO ved Sortedamssøen,2012,929,Øst (mod byen),BUSSER I FAST RUTE,,38.00,44.00,33.00,21.00,25.00,27.00,25.00,31.00,37.00,43.00,42.00,26.00
30284.00,1209.00,69.00,FREDENSBRO ved Sortedamssøen,2012,929,Øst (mod byen),ANDRE BUSSER,,3.00,4.00,2.00,1.00,2.00,1.00,3.00,3.00,4.00,5.00,0.00,2.00
30284.00,1209.00,69.00,FREDENSBRO ved Sortedamssøen,2012,929,Øst (mod byen),LADCYKLER,,8.00,32.00,10.00,18.00,24.00,41.00,5.00,7.00,17.00,81.00,39.00,20.00
30284.00,1209.00,69.00,FREDENSBRO ved Sortedamssøen,2012,929,Øst (mod byen),CYKLER + KNALLERTER,,759.00,1784.00,849.00,486.00,475.00,447.00,492.00,534.00,1039.00,841.00,650.00,485.00
30298.00,1210.00,602.00,ISTEDGADE nordøst for Gasværksvej,2012,925,MOD NORDØST (MOD HOVEDBANEN),PERSONBILER,,227.00,312.00,249.00,166.00,186.00,169.00,270.00,253.00,299.00,273.00,274.00,279.00
30299.00,1210.00,602.00,ISTEDGADE nordøst for Gasværksvej,2012,925,MOD NORDØST (MOD HOVEDBANEN),"VAREVOGNE (MAX. 3,5 T)",,93.00,97.00,119.00,103.00,78.00,85.00,93.00,86.00,67.00,43.00,46.00,40.00
30300.00,1210.00,602.00,ISTEDGADE nordøst for Gasværksvej,2012,925,MOD NORDØST (MOD HOVEDBANEN),MOTORCYKLER,,6.00,5.00,1.00,2.00,0.00,0.00,2.00,1.00,4.00,4.00,2.00,1.00
30301.00,1210.00,602.00,ISTEDGADE nordøst for Gasværksvej,2012,925,MOD NORDØST (MOD HOVEDBANEN),A: LET TRAFIK I ALT,,326.00,414.00,369.00,271.00,264.00,254.00,365.00,340.00,370.00,320.00,322.00,320.00
30302.00,1210.00,602.00,ISTEDGADE nordøst for Gasværksvej,2012,925,MOD NORDØST (MOD HOVEDBANEN),"LASTBILER, 2 AKSLER",,7.00,15.00,9.00,11.00,8.00,6.00,5.00,2.00,2.00,0.00,0.00,0.00
30303.00,1210.00,602.00,ISTEDGADE nordøst for Gasværksvej,2012,925,MOD NORDØST (MOD HOVEDBANEN),"LASTBILER, 3 AKSLER",,1.00,1.00,3.00,6.00,4.00,2.00,2.00,1.00,1.00,0.00,0.00,0.00
30304.00,1210.00,602.00,ISTEDGADE nordøst for Gasværksvej,2012,925,MOD NORDØST (MOD HOVEDBANEN),"LASTBILER, 4 - FLERE AKSLER",,0.00,2.00,0.00,2.00,0.00,4.00,2.00,0.00,0.00,2.00,1.00,0.00
30305.00,1210.00,602.00,ISTEDGADE nordøst for Gasværksvej,2012,925,MOD NORDØST (MOD HOVEDBANEN),BUSSER I FAST RUTE,,11.00,9.00,9.00,7.00,9.00,7.00,10.00,10.00,10.00,8.00,10.00,8.00
30306.00,1210.00,602.00,ISTEDGADE nordøst for Gasværksvej,2012,925,MOD NORDØST (MOD HOVEDBANEN),ANDRE BUSSER,,2.00,0.00,0.00,1.00,0.00,1.00,1.00,0.00,1.00,1.00,0.00,0.00
30307.00,1210.00,602.00,ISTEDGADE nordøst for Gasværksvej,2012,925,MOD NORDØST (MOD HOVEDBANEN),B: TUNG TRAFIK I ALT,,21.00,27.00,21.00,27.00,21.00,20.00,20.00,13.00,14.00,11.00,11.00,8.00
30308.00,1210.00,602.00,ISTEDGADE nordøst for Gasværksvej,2012,925,MOD NORDØST (MOD HOVEDBANEN),A+B: KØRETØJER I ALT,,347.00,441.00,390.00,298.00,285.00,274.00,385.00,353.00,384.00,331.00,333.00,328.00
30309.00,1210.00,602.00,ISTEDGADE nordøst for Gasværksvej,2012,925,MOD NORDØST (MOD HOVEDBANEN),LADCYKLER,,6.00,23.00,11.00,6.00,8.00,5.00,9.00,8.00,8.00,5.00,2.00,6.00
30310.00,1210.00,602.00,ISTEDGADE nordøst for Gasværksvej,2012,925,MOD NORDØST (MOD HOVEDBANEN),CYKLER + KNALLERTER,,349.00,727.00,325.00,150.00,118.00,146.00,145.00,151.00,181.00,188.00,184.00,160.00
30311.00,1210.00,602.00,ISTEDGADE nordøst for Gasværksvej,2012,925,MOD NORDØST (MOD HOVEDBANEN),CYKLER + KNALLERTER I ALT,,355.00,750.00,336.00,156.00,126.00,151.00,154.00,159.00,189.00,193.00,186.00,166.00
30312.00,1210.00,602.00,ISTEDGADE nordøst for Gasværksvej,2012,925,MOD SYDVEST (MOD GASVÆRKSVEJ),PERSONBILER,,142.00,200.00,195.00,238.00,257.00,291.00,252.00,264.00,338.00,383.00,338.00,301.00
30313.00,1210.00,602.00,ISTEDGADE nordøst for Gasværksvej,2012,925,MOD SYDVEST (MOD GASVÆRKSVEJ),"VAREVOGNE (MAX. 3,5 T)",,49.00,96.00,94.00,108.00,123.00,114.00,117.00,116.00,122.00,59.00,47.00,28.00
30314.00,1210.00,602.00,ISTEDGADE nordøst for Gasværksvej,2012,925,MOD SYDVEST (MOD GASVÆRKSVEJ),MOTORCYKLER,,0.00,2.00,1.00,0.00,6.00,3.00,1.00,3.00,0.00,6.00,2.00,3.00
30315.00,1210.00,602.00,ISTEDGADE nordøst for Gasværksvej,2012,925,MOD SYDVEST (MOD GASVÆRKSVEJ),A: LET TRAFIK I ALT,,191.00,298.00,290.00,346.00,386.00,408.00,370.00,383.00,460.00,448.00,387.00,332.00
30316.00,1210.00,602.00,ISTEDGADE nordøst for Gasværksvej,2012,925,MOD SYDVEST (MOD GASVÆRKSVEJ),"LASTBILER, 2 AKSLER",,6.00,8.00,5.00,11.00,14.00,10.00,9.00,9.00,3.00,3.00,0.00,0.00
30317.00,1210.00,602.00,ISTEDGADE nordøst for Gasværksvej,2012,925,MOD SYDVEST (MOD GASVÆRKSVEJ),"LASTBILER, 3 AKSLER",,3.00,4.00,2.00,4.00,1.00,3.00,2.00,3.00,0.00,0.00,1.00,0.00
30318.00,1210.00,602.00,ISTEDGADE nordøst for Gasværksvej,2012,925,MOD SYDVEST (MOD GASVÆRKSVEJ),"LASTBILER, 4 - FLERE AKSLER",,5.00,4.00,4.00,5.00,3.00,2.00,3.00,4.00,0.00,1.00,2.00,0.00
30319.00,1210.00,602.00,ISTEDGADE nordøst for Gasværksvej,2012,925,MOD SYDVEST (MOD GASVÆRKSVEJ),BUSSER I FAST RUTE,,10.00,9.00,8.00,8.00,8.00,8.00,11.00,12.00,11.00,10.00,10.00,6.00
30320.00,1210.00,602.00,ISTEDGADE nordøst for Gasværksvej,2012,925,MOD SYDVEST (MOD GASVÆRKSVEJ),ANDRE BUSSER,,0.00,1.00,2.00,0.00,2.00,2.00,0.00,0.00,1.00,0.00,1.00,3.00
30321.00,1210.00,602.00,ISTEDGADE nordøst for Gasværksvej,2012,925,MOD SYDVEST (MOD GASVÆRKSVEJ),B: TUNG TRAFIK I ALT,,24.00,26.00,21.00,28.00,28.00,25.00,25.00,28.00,15.00,14.00,14.00,9.00
30322.00,1210.00,602.00,ISTEDGADE nordøst for Gasværksvej,2012,925,MOD SYDVEST (MOD GASVÆRKSVEJ),A+B: KØRETØJER I ALT,,215.00,324.00,311.00,374.00,414.00,433.00,395.00,411.00,475.00,462.00,401.00,341.00
30323.00,1210.00,602.00,ISTEDGADE nordøst for Gasværksvej,2012,925,MOD SYDVEST (MOD GASVÆRKSVEJ),LADCYKLER,,2.00,4.00,8.00,3.00,6.00,2.00,1.00,4.00,7.00,10.00,11.00,4.00
30324.00,1210.00,602.00,ISTEDGADE nordøst for Gasværksvej,2012,925,MOD SYDVEST (MOD GASVÆRKSVEJ),CYKLER + KNALLERTER,,61.00,182.00,110.00,84.00,116.00,147.00,143.00,221.00,320.00,481.00,408.00,303.00
30325.00,1210.00,602.00,ISTEDGADE nordøst for Gasværksvej,2012,925,MOD SYDVEST (MOD GASVÆRKSVEJ),CYKLER + KNALLERTER I ALT,,63.00,186.00,118.00,87.00,122.00,149.00,144.00,225.00,327.00,491.00,419.00,307.00
30298.00,1210.00,602.00,ISTEDGADE nordøst for Gasværksvej,2013,925,MOD NORDØST (MOD HOVEDBANEN),PERSONBILER,,227.00,312.00,249.00,166.00,186.00,169.00,270.00,253.00,299.00,273.00,274.00,279.00
30299.00,1210.00,602.00,ISTEDGADE nordøst for Gasværksvej,2013,925,MOD NORDØST (MOD HOVEDBANEN),"VAREVOGNE (MAX. 3,5 T)",,93.00,97.00,119.00,103.00,78.00,85.00,93.00,86.00,67.00,43.00,46.00,40.00
30300.00,1210.00,602.00,ISTEDGADE nordøst for Gasværksvej,2013,925,MOD NORDØST (MOD HOVEDBANEN),MOTORCYKLER,,6.00,5.00,1.00,2.00,0.00,0.00,2.00,1.00,4.00,4.00,2.00,1.00
30301.00,1210.00,602.00,ISTEDGADE nordøst for Gasværksvej,2013,925,MOD NORDØST (MOD HOVEDBANEN),A: LET TRAFIK I ALT,,326.00,414.00,369.00,271.00,264.00,254.00,365.00,340.00,370.00,320.00,322.00,320.00
30302.00,1210.00,602.00,ISTEDGADE nordøst for Gasværksvej,2013,925,MOD NORDØST (MOD HOVEDBANEN),"LASTBILER, 2 AKSLER",,7.00,15.00,9.00,11.00,8.00,6.00,5.00,2.00,2.00,0.00,0.00,0.00
30303.00,1210.00,602.00,ISTEDGADE nordøst for Gasværksvej,2013,925,MOD NORDØST (MOD HOVEDBANEN),"LASTBILER, 3 AKSLER",,1.00,1.00,3.00,6.00,4.00,2.00,2.00,1.00,1.00,0.00,0.00,0.00
30304.00,1210.00,602.00,ISTEDGADE nordøst for Gasværksvej,2013,925,MOD NORDØST (MOD HOVEDBANEN),"LASTBILER, 4 - FLERE AKSLER",,0.00,2.00,0.00,2.00,0.00,4.00,2.00,0.00,0.00,2.00,1.00,0.00
30305.00,1210.00,602.00,ISTEDGADE nordøst for Gasværksvej,2013,925,MOD NORDØST (MOD HOVEDBANEN),BUSSER I FAST RUTE,,11.00,9.00,9.00,7.00,9.00,7.00,10.00,10.00,10.00,8.00,10.00,8.00
30306.00,1210.00,602.00,ISTEDGADE nordøst for Gasværksvej,2013,925,MOD NORDØST (MOD HOVEDBANEN),ANDRE BUSSER,,2.00,0.00,0.00,1.00,0.00,1.00,1.00,0.00,1.00,1.00,0.00,0.00
30307.00,1210.00,602.00,ISTEDGADE nordøst for Gasværksvej,2013,925,MOD NORDØST (MOD HOVEDBANEN),B: TUNG TRAFIK I ALT,,21.00,27.00,21.00,27.00,21.00,20.00,20.00,13.00,14.00,11.00,11.00,8.00
30308.00,1210.00,602.00,ISTEDGADE nordøst for Gasværksvej,2013,925,MOD NORDØST (MOD HOVEDBANEN),A+B: KØRETØJER I ALT,,347.00,441.00,390.00,298.00,285.00,274.00,385.00,353.00,384.00,331.00,333.00,328.00
30309.00,1210.00,602.00,ISTEDGADE nordøst for Gasværksvej,2013,925,MOD NORDØST (MOD HOVEDBANEN),LADCYKLER,,6.00,23.00,11.00,6.00,8.00,5.00,9.00,8.00,8.00,5.00,2.00,6.00
30310.00,1210.00,602.00,ISTEDGADE nordøst for Gasværksvej,2013,925,MOD NORDØST (MOD HOVEDBANEN),CYKLER + KNALLERTER,,349.00,727.00,325.00,150.00,118.00,146.00,145.00,151.00,181.00,188.00,184.00,160.00
30311.00,1210.00,602.00,ISTEDGADE nordøst for Gasværksvej,2013,925,MOD NORDØST (MOD HOVEDBANEN),CYKLER + KNALLERTER I ALT,,355.00,750.00,336.00,156.00,126.00,151.00,154.00,159.00,189.00,193.00,186.00,166.00
30312.00,1210.00,602.00,ISTEDGADE nordøst for Gasværksvej,2013,925,MOD SYDVEST (MOD GASVÆRKSVEJ),PERSONBILER,,142.00,200.00,195.00,238.00,257.00,291.00,252.00,264.00,338.00,383.00,338.00,301.00
30313.00,1210.00,602.00,ISTEDGADE nordøst for Gasværksvej,2013,925,MOD SYDVEST (MOD GASVÆRKSVEJ),"VAREVOGNE (MAX. 3,5 T)",,49.00,96.00,94.00,108.00,123.00,114.00,117.00,116.00,122.00,59.00,47.00,28.00
30314.00,1210.00,602.00,ISTEDGADE nordøst for Gasværksvej,2013,925,MOD SYDVEST (MOD GASVÆRKSVEJ),MOTORCYKLER,,0.00,2.00,1.00,0.00,6.00,3.00,1.00,3.00,0.00,6.00,2.00,3.00
30315.00,1210.00,602.00,ISTEDGADE nordøst for Gasværksvej,2013,925,MOD SYDVEST (MOD GASVÆRKSVEJ),A: LET TRAFIK I ALT,,191.00,298.00,290.00,346.00,386.00,408.00,370.00,383.00,460.00,448.00,387.00,332.00
30316.00,1210.00,602.00,ISTEDGADE nordøst for Gasværksvej,2013,925,MOD SYDVEST (MOD GASVÆRKSVEJ),"LASTBILER, 2 AKSLER",,6.00,8.00,5.00,11.00,14.00,10.00,9.00,9.00,3.00,3.00,0.00,0.00
30317.00,1210.00,602.00,ISTEDGADE nordøst for Gasværksvej,2013,925,MOD SYDVEST (MOD GASVÆRKSVEJ),"LASTBILER, 3 AKSLER",,3.00,4.00,2.00,4.00,1.00,3.00,2.00,3.00,0.00,0.00,1.00,0.00
30318.00,1210.00,602.00,ISTEDGADE nordøst for Gasværksvej,2013,925,MOD SYDVEST (MOD GASVÆRKSVEJ),"LASTBILER, 4 - FLERE AKSLER",,5.00,4.00,4.00,5.00,3.00,2.00,3.00,4.00,0.00,1.00,2.00,0.00
30319.00,1210.00,602.00,ISTEDGADE nordøst for Gasværksvej,2013,925,MOD SYDVEST (MOD GASVÆRKSVEJ),BUSSER I FAST RUTE,,10.00,9.00,8.00,8.00,8.00,8.00,11.00,12.00,11.00,10.00,10.00,6.00
30320.00,1210.00,602.00,ISTEDGADE nordøst for Gasværksvej,2013,925,MOD SYDVEST (MOD GASVÆRKSVEJ),ANDRE BUSSER,,0.00,1.00,2.00,0.00,2.00,2.00,0.00,0.00,1.00,0.00,1.00,3.00
30321.00,1210.00,602.00,ISTEDGADE nordøst for Gasværksvej,2013,925,MOD SYDVEST (MOD GASVÆRKSVEJ),B: TUNG TRAFIK I ALT,,24.00,26.00,21.00,28.00,28.00,25.00,25.00,28.00,15.00,14.00,14.00,9.00
30322.00,1210.00,602.00,ISTEDGADE nordøst for Gasværksvej,2013,925,MOD SYDVEST (MOD GASVÆRKSVEJ),A+B: KØRETØJER I ALT,,215.00,324.00,311.00,374.00,414.00,433.00,395.00,411.00,475.00,462.00,401.00,341.00
30323.00,1210.00,602.00,ISTEDGADE nordøst for Gasværksvej,2013,925,MOD SYDVEST (MOD GASVÆRKSVEJ),LADCYKLER,,2.00,4.00,8.00,3.00,6.00,2.00,1.00,4.00,7.00,10.00,11.00,4.00
30324.00,1210.00,602.00,ISTEDGADE nordøst for Gasværksvej,2013,925,MOD SYDVEST (MOD GASVÆRKSVEJ),CYKLER + KNALLERTER,,61.00,182.00,110.00,84.00,116.00,147.00,143.00,221.00,320.00,481.00,408.00,303.00
30325.00,1210.00,602.00,ISTEDGADE nordøst for Gasværksvej,2013,925,MOD SYDVEST (MOD GASVÆRKSVEJ),CYKLER + KNALLERTER I ALT,,63.00,186.00,118.00,87.00,122.00,149.00,144.00,225.00,327.00,491.00,419.00,307.00
130559.00,5470.00,55.00,Vigerslev Allé v.f. Vigerslevvej ,2014,417,NORDØST (MOD VIGERSLEVVEJ),PERSONBILER,,302.00,344.00,149.00,134.00,135.00,130.00,152.00,192.00,253.00,228.00,153.00,153.00
130560.00,5470.00,55.00,Vigerslev Allé v.f. Vigerslevvej ,2014,417,NORDØST (MOD VIGERSLEVVEJ),"VAREVOGNE (MAX. 3,5 T)",,88.00,75.00,36.00,40.00,35.00,30.00,33.00,36.00,45.00,45.00,23.00,14.00
130561.00,5470.00,55.00,Vigerslev Allé v.f. Vigerslevvej ,2014,417,NORDØST (MOD VIGERSLEVVEJ),MOTORCYKLER,,2.00,4.00,1.00,2.00,0.00,2.00,4.00,3.00,4.00,8.00,3.00,2.00
130562.00,5470.00,55.00,Vigerslev Allé v.f. Vigerslevvej ,2014,417,NORDØST (MOD VIGERSLEVVEJ),A: LET TRAFIK I ALT,,392.00,423.00,186.00,176.00,170.00,162.00,189.00,231.00,302.00,281.00,179.00,169.00
130563.00,5470.00,55.00,Vigerslev Allé v.f. Vigerslevvej ,2014,417,NORDØST (MOD VIGERSLEVVEJ),"LASTBILER, 2 AKSLER",,6.00,4.00,1.00,2.00,3.00,1.00,2.00,0.00,2.00,0.00,1.00,0.00
130564.00,5470.00,55.00,Vigerslev Allé v.f. Vigerslevvej ,2014,417,NORDØST (MOD VIGERSLEVVEJ),"LASTBILER, 3 AKSLER",,5.00,2.00,1.00,0.00,2.00,1.00,1.00,0.00,0.00,0.00,0.00,0.00
130565.00,5470.00,55.00,Vigerslev Allé v.f. Vigerslevvej ,2014,417,NORDØST (MOD VIGERSLEVVEJ),"LASTBILER, 4 - FLERE AKSLER",,0.00,3.00,0.00,1.00,1.00,2.00,0.00,0.00,0.00,1.00,0.00,0.00
130566.00,5470.00,55.00,Vigerslev Allé v.f. Vigerslevvej ,2014,417,NORDØST (MOD VIGERSLEVVEJ),BUSSER I FAST RUTE,,13.00,13.00,12.00,10.00,14.00,12.00,13.00,14.00,14.00,13.00,11.00,11.00
130567.00,5470.00,55.00,Vigerslev Allé v.f. Vigerslevvej ,2014,417,NORDØST (MOD VIGERSLEVVEJ),ANDRE BUSSER,,3.00,4.00,0.00,1.00,1.00,3.00,0.00,0.00,1.00,0.00,1.00,0.00
130568.00,5470.00,55.00,Vigerslev Allé v.f. Vigerslevvej ,2014,417,NORDØST (MOD VIGERSLEVVEJ),B: TUNG TRAFIK I ALT,,27.00,26.00,14.00,14.00,21.00,19.00,16.00,14.00,17.00,14.00,13.00,11.00
130569.00,5470.00,55.00,Vigerslev Allé v.f. Vigerslevvej ,2014,417,NORDØST (MOD VIGERSLEVVEJ),A+B: KØRETØJER I ALT,,419.00,449.00,200.00,190.00,191.00,181.00,205.00,245.00,319.00,295.00,192.00,180.00
130570.00,5470.00,55.00,Vigerslev Allé v.f. Vigerslevvej ,2014,417,NORDØST (MOD VIGERSLEVVEJ),LADCYKLER,,3.00,1.00,0.00,0.00,0.00,0.00,1.00,1.00,0.00,1.00,1.00,0.00
130571.00,5470.00,55.00,Vigerslev Allé v.f. Vigerslevvej ,2014,417,NORDØST (MOD VIGERSLEVVEJ),CYKLER + KNALLERTER,,86.00,71.00,45.00,28.00,33.00,34.00,27.00,64.00,134.00,88.00,59.00,32.00
130572.00,5470.00,55.00,Vigerslev Allé v.f. Vigerslevvej ,2014,417,NORDØST (MOD VIGERSLEVVEJ),CYKLER + KNALLERTER I ALT,,89.00,72.00,45.00,28.00,33.00,34.00,28.00,65.00,134.00,89.00,60.00,32.00
130573.00,5470.00,55.00,Vigerslev Allé v.f. Vigerslevvej ,2014,417,SYDVEST (MOD HVIDOVRE),PERSONBILER,,141.00,125.00,94.00,116.00,125.00,134.00,155.00,159.00,231.00,206.00,157.00,144.00
130574.00,5470.00,55.00,Vigerslev Allé v.f. Vigerslevvej ,2014,417,SYDVEST (MOD HVIDOVRE),"VAREVOGNE (MAX. 3,5 T)",,29.00,32.00,33.00,30.00,37.00,38.00,36.00,39.00,45.00,35.00,25.00,18.00
130575.00,5470.00,55.00,Vigerslev Allé v.f. Vigerslevvej ,2014,417,SYDVEST (MOD HVIDOVRE),MOTORCYKLER,,1.00,2.00,1.00,0.00,0.00,1.00,3.00,8.00,6.00,5.00,3.00,0.00
130576.00,5470.00,55.00,Vigerslev Allé v.f. Vigerslevvej ,2014,417,SYDVEST (MOD HVIDOVRE),A: LET TRAFIK I ALT,,171.00,159.00,128.00,146.00,162.00,173.00,194.00,206.00,282.00,246.00,185.00,162.00
130577.00,5470.00,55.00,Vigerslev Allé v.f. Vigerslevvej ,2014,417,SYDVEST (MOD HVIDOVRE),"LASTBILER, 2 AKSLER",,0.00,0.00,0.00,1.00,0.00,1.00,1.00,3.00,0.00,1.00,0.00,1.00
130578.00,5470.00,55.00,Vigerslev Allé v.f. Vigerslevvej ,2014,417,SYDVEST (MOD HVIDOVRE),"LASTBILER, 3 AKSLER",,0.00,0.00,1.00,2.00,3.00,4.00,4.00,2.00,1.00,0.00,1.00,0.00
130579.00,5470.00,55.00,Vigerslev Allé v.f. Vigerslevvej ,2014,417,SYDVEST (MOD HVIDOVRE),"LASTBILER, 4 - FLERE AKSLER",,0.00,1.00,0.00,2.00,1.00,1.00,0.00,2.00,0.00,0.00,0.00,0.00
130580.00,5470.00,55.00,Vigerslev Allé v.f. Vigerslevvej ,2014,417,SYDVEST (MOD HVIDOVRE),BUSSER I FAST RUTE,,13.00,14.00,14.00,11.00,11.00,13.00,14.00,13.00,11.00,16.00,15.00,12.00
130581.00,5470.00,55.00,Vigerslev Allé v.f. Vigerslevvej ,2014,417,SYDVEST (MOD HVIDOVRE),ANDRE BUSSER,,0.00,1.00,0.00,0.00,0.00,0.00,2.00,1.00,1.00,0.00,0.00,0.00
130582.00,5470.00,55.00,Vigerslev Allé v.f. Vigerslevvej ,2014,417,SYDVEST (MOD HVIDOVRE),B: TUNG TRAFIK I ALT,,13.00,16.00,15.00,16.00,15.00,19.00,21.00,21.00,13.00,17.00,16.00,13.00
130583.00,5470.00,55.00,Vigerslev Allé v.f. Vigerslevvej ,2014,417,SYDVEST (MOD HVIDOVRE),A+B: KØRETØJER I ALT,,184.00,175.00,143.00,162.00,177.00,192.00,215.00,227.00,295.00,263.00,201.00,175.00
130584.00,5470.00,55.00,Vigerslev Allé v.f. Vigerslevvej ,2014,417,SYDVEST (MOD HVIDOVRE),LADCYKLER,,0.00,0.00,0.00,0.00,0.00,0.00,0.00,1.00,0.00,0.00,1.00,0.00
130585.00,5470.00,55.00,Vigerslev Allé v.f. Vigerslevvej ,2014,417,SYDVEST (MOD HVIDOVRE),CYKLER + KNALLERTER,,158.00,90.00,42.00,20.00,34.00,31.00,45.00,61.00,80.00,85.00,83.00,33.00
130586.00,5470.00,55.00,Vigerslev Allé v.f. Vigerslevvej ,2014,417,SYDVEST (MOD HVIDOVRE),CYKLER + KNALLERTER I ALT,,158.00,90.00,42.00,20.00,34.00,31.00,45.00,62.00,80.00,85.00,84.00,33.00
133260.00,5577.00,73.00,ISLEVHUSVEJ 83 nordøst for Islevholm ,2015,508,NORDØST (MOD HUSUM ST.),PERSONBILER,,349.00,361.00,171.00,149.00,164.00,167.00,192.00,251.00,311.00,400.00,305.00,260.00
133261.00,5577.00,73.00,ISLEVHUSVEJ 83 nordøst for Islevholm ,2015,508,NORDØST (MOD HUSUM ST.),"VAREVOGNE (MAX. 3,5 T)",,103.00,94.00,64.00,54.00,51.00,42.00,60.00,54.00,71.00,59.00,45.00,17.00
133262.00,5577.00,73.00,ISLEVHUSVEJ 83 nordøst for Islevholm ,2015,508,NORDØST (MOD HUSUM ST.),MOTORCYKLER,,2.00,3.00,0.00,1.00,0.00,1.00,1.00,2.00,7.00,1.00,1.00,0.00
133263.00,5577.00,73.00,ISLEVHUSVEJ 83 nordøst for Islevholm ,2015,508,NORDØST (MOD HUSUM ST.),A: LET TRAFIK I ALT,,454.00,458.00,235.00,204.00,215.00,210.00,253.00,307.00,389.00,460.00,351.00,277.00
133264.00,5577.00,73.00,ISLEVHUSVEJ 83 nordøst for Islevholm ,2015,508,NORDØST (MOD HUSUM ST.),"LASTBILER, 2 AKSLER",,6.00,10.00,4.00,3.00,5.00,2.00,8.00,1.00,2.00,2.00,0.00,0.00
133265.00,5577.00,73.00,ISLEVHUSVEJ 83 nordøst for Islevholm ,2015,508,NORDØST (MOD HUSUM ST.),"LASTBILER, 3 AKSLER",,1.00,1.00,4.00,1.00,0.00,2.00,1.00,0.00,0.00,1.00,1.00,0.00
133266.00,5577.00,73.00,ISLEVHUSVEJ 83 nordøst for Islevholm ,2015,508,NORDØST (MOD HUSUM ST.),"LASTBILER, 4 - FLERE AKSLER",,1.00,0.00,1.00,3.00,3.00,0.00,2.00,0.00,1.00,0.00,0.00,0.00
133267.00,5577.00,73.00,ISLEVHUSVEJ 83 nordøst for Islevholm ,2015,508,NORDØST (MOD HUSUM ST.),BUSSER I FAST RUTE,,12.00,12.00,11.00,12.00,11.00,11.00,10.00,9.00,12.00,12.00,14.00,11.00
133268.00,5577.00,73.00,ISLEVHUSVEJ 83 nordøst for Islevholm ,2015,508,NORDØST (MOD HUSUM ST.),ANDRE BUSSER,,3.00,1.00,2.00,1.00,0.00,1.00,0.00,5.00,1.00,0.00,1.00,1.00
133269.00,5577.00,73.00,ISLEVHUSVEJ 83 nordøst for Islevholm ,2015,508,NORDØST (MOD HUSUM ST.),B: TUNG TRAFIK I ALT,,23.00,24.00,22.00,20.00,19.00,16.00,21.00,15.00,16.00,15.00,16.00,12.00
133270.00,5577.00,73.00,ISLEVHUSVEJ 83 nordøst for Islevholm ,2015,508,NORDØST (MOD HUSUM ST.),A+B: KØRETØJER I ALT,,477.00,482.00,257.00,224.00,234.00,226.00,274.00,322.00,405.00,475.00,367.00,289.00
133271.00,5577.00,73.00,ISLEVHUSVEJ 83 nordøst for Islevholm ,2015,508,NORDØST (MOD HUSUM ST.),LADCYKLER,,0.00,1.00,0.00,3.00,0.00,0.00,0.00,0.00,2.00,0.00,0.00,0.00
133272.00,5577.00,73.00,ISLEVHUSVEJ 83 nordøst for Islevholm ,2015,508,NORDØST (MOD HUSUM ST.),CYKLER + KNALLERTER,,182.00,103.00,50.00,18.00,30.00,13.00,22.00,29.00,73.00,50.00,51.00,23.00
133273.00,5577.00,73.00,ISLEVHUSVEJ 83 nordøst for Islevholm ,2015,508,NORDØST (MOD HUSUM ST.),CYKLER + KNALLERTER I ALT,,182.00,104.00,50.00,21.00,30.00,13.00,22.00,29.00,75.00,50.00,51.00,23.00
133274.00,5577.00,73.00,ISLEVHUSVEJ 83 nordøst for Islevholm ,2015,508,SYDVEST (MOD TÅRNVEJ),PERSONBILER,,252.00,238.00,172.00,202.00,217.00,228.00,231.00,313.00,442.00,517.00,387.00,259.00
133275.00,5577.00,73.00,ISLEVHUSVEJ 83 nordøst for Islevholm ,2015,508,SYDVEST (MOD TÅRNVEJ),"VAREVOGNE (MAX. 3,5 T)",,79.00,65.00,56.00,64.00,62.00,69.00,77.00,97.00,84.00,81.00,52.00,31.00
133276.00,5577.00,73.00,ISLEVHUSVEJ 83 nordøst for Islevholm ,2015,508,SYDVEST (MOD TÅRNVEJ),MOTORCYKLER,,0.00,1.00,1.00,0.00,5.00,0.00,0.00,1.00,4.00,1.00,3.00,3.00
133277.00,5577.00,73.00,ISLEVHUSVEJ 83 nordøst for Islevholm ,2015,508,SYDVEST (MOD TÅRNVEJ),A: LET TRAFIK I ALT,,331.00,304.00,229.00,266.00,284.00,297.00,308.00,411.00,530.00,599.00,442.00,293.00
133278.00,5577.00,73.00,ISLEVHUSVEJ 83 nordøst for Islevholm ,2015,508,SYDVEST (MOD TÅRNVEJ),"LASTBILER, 2 AKSLER",,5.00,3.00,2.00,4.00,6.00,3.00,3.00,8.00,1.00,2.00,2.00,2.00
133279.00,5577.00,73.00,ISLEVHUSVEJ 83 nordøst for Islevholm ,2015,508,SYDVEST (MOD TÅRNVEJ),"LASTBILER, 3 AKSLER",,1.00,3.00,2.00,3.00,1.00,3.00,0.00,3.00,2.00,0.00,0.00,0.00
133280.00,5577.00,73.00,ISLEVHUSVEJ 83 nordøst for Islevholm ,2015,508,SYDVEST (MOD TÅRNVEJ),"LASTBILER, 4 - FLERE AKSLER",,1.00,1.00,1.00,0.00,0.00,2.00,2.00,2.00,1.00,0.00,0.00,0.00
133281.00,5577.00,73.00,ISLEVHUSVEJ 83 nordøst for Islevholm ,2015,508,SYDVEST (MOD TÅRNVEJ),BUSSER I FAST RUTE,,12.00,12.00,13.00,10.00,11.00,11.00,11.00,11.00,10.00,9.00,13.00,9.00
133282.00,5577.00,73.00,ISLEVHUSVEJ 83 nordøst for Islevholm ,2015,508,SYDVEST (MOD TÅRNVEJ),ANDRE BUSSER,,4.00,2.00,2.00,1.00,0.00,0.00,4.00,2.00,1.00,0.00,1.00,1.00
133283.00,5577.00,73.00,ISLEVHUSVEJ 83 nordøst for Islevholm ,2015,508,SYDVEST (MOD TÅRNVEJ),B: TUNG TRAFIK I ALT,,23.00,21.00,20.00,18.00,18.00,19.00,20.00,26.00,15.00,11.00,16.00,12.00
133284.00,5577.00,73.00,ISLEVHUSVEJ 83 nordøst for Islevholm ,2015,508,SYDVEST (MOD TÅRNVEJ),A+B: KØRETØJER I ALT,,354.00,325.00,249.00,284.00,302.00,316.00,328.00,437.00,545.00,610.00,458.00,305.00
133285.00,5577.00,73.00,ISLEVHUSVEJ 83 nordøst for Islevholm ,2015,508,SYDVEST (MOD TÅRNVEJ),LADCYKLER,,0.00,1.00,0.00,1.00,0.00,0.00,0.00,0.00,0.00,0.00,0.00,0.00
133286.00,5577.00,73.00,ISLEVHUSVEJ 83 nordøst for Islevholm ,2015,508,SYDVEST (MOD TÅRNVEJ),CYKLER + KNALLERTER,,99.00,61.00,24.00,19.00,26.00,28.00,41.00,55.00,124.00,95.00,107.00,44.00
133286.00,5577.00,29.00,LANGEBRO,2013,903,Nordvest (mod Rådhuspl.,PERSONBILER,,1791.00,1885.00,1093.00,950.00,986.00,1095.00,1033.00,1359.00,1636.00,1596.00,1394.00,1229.00
133286.00,5577.00,29.00,LANGEBRO,2013,903,Nordvest (mod Rådhuspl.,"VAREVOGNE (MAX. 3,5 t)",,442.00,360.00,351.00,339.00,311.00,346.00,375.00,381.00,382.00,230.00,179.00,186.00
133286.00,5577.00,29.00,LANGEBRO,2013,903,Nordvest (mod Rådhuspl.,MOTORCYKLER,,37.00,18.00,18.00,12.00,8.00,13.00,6.00,18.00,25.00,42.00,31.00,16.00
133286.00,5577.00,29.00,LANGEBRO,2013,903,Nordvest (mod Rådhuspl.,"LASTBILER, 2 aksler",,22.00,44.00,46.00,32.00,28.00,20.00,32.00,36.00,30.00,3.00,7.00,1.00
133286.00,5577.00,29.00,LANGEBRO,2013,903,Nordvest (mod Rådhuspl.,"LASTBILER, 3 aksler",,8.00,17.00,23.00,16.00,23.00,8.00,12.00,19.00,4.00,1.00,3.00,2.00
133286.00,5577.00,29.00,LANGEBRO,2013,903,Nordvest (mod Rådhuspl.,"LASTBILER, 4 - flere aksler",,27.00,28.00,34.00,27.00,25.00,33.00,29.00,25.00,13.00,4.00,7.00,0.00
133286.00,5577.00,29.00,LANGEBRO,2013,903,Nordvest (mod Rådhuspl.,BUSSER I FAST RUTE,,29.00,34.00,29.00,22.00,25.00,26.00,30.00,30.00,30.00,30.00,28.00,25.00
133286.00,5577.00,29.00,LANGEBRO,2013,903,Nordvest (mod Rådhuspl.,ANDRE BUSSER,,12.00,22.00,7.00,7.00,7.00,13.00,6.00,10.00,7.00,7.00,4.00,6.00
133286.00,5577.00,29.00,LANGEBRO,2013,903,Nordvest (mod Rådhuspl.,LADCYKLER,,0.00,0.00,0.00,0.00,0.00,0.00,0.00,0.00,0.00,0.00,0.00,0.00
133286.00,5577.00,29.00,LANGEBRO,2013,903,Nordvest (mod Rådhuspl.,CYKLER + KNALLERTER,,0.00,0.00,0.00,0.00,0.00,0.00,0.00,0.00,0.00,0.00,0.00,0.00
133286.00,5577.00,29.00,LANGEBRO,2013,903,Sydøst (mod Amager),PERSONBILER,,1171.00,1529.00,1086.00,913.00,997.00,1037.00,1178.00,1242.00,1721.00,1943.00,1618.00,1290.00
133286.00,5577.00,29.00,LANGEBRO,2013,903,Sydøst (mod Amager),"VAREVOGNE (MAX. 3,5 t)",,319.00,300.00,377.00,354.00,342.00,333.00,352.00,378.00,411.00,273.00,217.00,201.00
133286.00,5577.00,29.00,LANGEBRO,2013,903,Sydøst (mod Amager),MOTORCYKLER,,11.00,22.00,16.00,14.00,14.00,10.00,18.00,19.00,28.00,38.00,22.00,29.00
133286.00,5577.00,29.00,LANGEBRO,2013,903,Sydøst (mod Amager),"LASTBILER, 2 aksler",,28.00,15.00,33.00,25.00,22.00,17.00,15.00,14.00,12.00,4.00,6.00,0.00
133286.00,5577.00,29.00,LANGEBRO,2013,903,Sydøst (mod Amager),"LASTBILER, 3 aksler",,13.00,16.00,20.00,16.00,11.00,10.00,13.00,12.00,4.00,1.00,2.00,1.00
133286.00,5577.00,29.00,LANGEBRO,2013,903,Sydøst (mod Amager),"LASTBILER, 4 - flere aksler",,15.00,22.00,31.00,29.00,22.00,22.00,23.00,20.00,14.00,3.00,6.00,4.00
133286.00,5577.00,29.00,LANGEBRO,2013,903,Sydøst (mod Amager),BUSSER I FAST RUTE,,28.00,30.00,25.00,28.00,24.00,24.00,29.00,31.00,30.00,30.00,25.00,21.00
133286.00,5577.00,29.00,LANGEBRO,2013,903,Sydøst (mod Amager),ANDRE BUSSER,,9.00,2.00,15.00,11.00,5.00,5.00,5.00,10.00,22.00,14.00,8.00,7.00
133286.00,5577.00,29.00,LANGEBRO,2013,903,Sydøst (mod Amager),LADCYKLER,,0.00,0.00,0.00,0.00,0.00,0.00,0.00,0.00,0.00,0.00,0.00,0.00
133286.00,5577.00,29.00,LANGEBRO,2013,903,Sydøst (mod Amager),CYKLER + KNALLERTER,,0.00,0.00,0.00,0.00,0.00,0.00,0.00,0.00,0.00,0.00,0.00,0.00
137568.00,5751.00,19.00,GYLDENLØVESGADE ud for søerne ,2014,922,MOD NORDVEST (FRA BYEN),PERSONBILER,,1399.00,1357.00,995.00,874.00,972.00,1170.00,1204.00,1614.00,1991.00,2103.00,1853.00,1393.00
137569.00,5751.00,19.00,GYLDENLØVESGADE ud for søerne ,2014,922,MOD NORDVEST (FRA BYEN),"VAREVOGNE (MAX. 3,5 T)",,278.00,263.00,333.00,368.00,432.00,469.00,417.00,530.00,456.00,258.00,256.00,195.00
137570.00,5751.00,19.00,GYLDENLØVESGADE ud for søerne ,2014,922,MOD NORDVEST (FRA BYEN),MOTORCYKLER,,9.00,3.00,7.00,6.00,6.00,6.00,13.00,11.00,29.00,29.00,20.00,16.00
137571.00,5751.00,19.00,GYLDENLØVESGADE ud for søerne ,2014,922,MOD NORDVEST (FRA BYEN),A: LET TRAFIK I ALT,,1686.00,1623.00,1335.00,1248.00,1410.00,1645.00,1634.00,2155.00,2476.00,2390.00,2129.00,1604.00
137572.00,5751.00,19.00,GYLDENLØVESGADE ud for søerne ,2014,922,MOD NORDVEST (FRA BYEN),"LASTBILER, 2 AKSLER",,15.00,10.00,19.00,25.00,15.00,16.00,18.00,16.00,12.00,7.00,3.00,1.00
137573.00,5751.00,19.00,GYLDENLØVESGADE ud for søerne ,2014,922,MOD NORDVEST (FRA BYEN),"LASTBILER, 3 AKSLER",,13.00,2.00,10.00,11.00,9.00,8.00,5.00,6.00,5.00,1.00,1.00,2.00
137574.00,5751.00,19.00,GYLDENLØVESGADE ud for søerne ,2014,922,MOD NORDVEST (FRA BYEN),"LASTBILER, 4 - FLERE AKSLER",,15.00,13.00,23.00,23.00,18.00,15.00,19.00,8.00,14.00,5.00,1.00,1.00
137575.00,5751.00,19.00,GYLDENLØVESGADE ud for søerne ,2014,922,MOD NORDVEST (FRA BYEN),BUSSER I FAST RUTE,,30.00,29.00,29.00,25.00,24.00,24.00,24.00,30.00,28.00,31.00,31.00,31.00
137576.00,5751.00,19.00,GYLDENLØVESGADE ud for søerne ,2014,922,MOD NORDVEST (FRA BYEN),ANDRE BUSSER,,3.00,17.00,16.00,3.00,1.00,3.00,3.00,1.00,4.00,11.00,2.00,1.00
137577.00,5751.00,19.00,GYLDENLØVESGADE ud for søerne ,2014,922,MOD NORDVEST (FRA BYEN),B: TUNG TRAFIK I ALT,,76.00,71.00,97.00,87.00,67.00,66.00,69.00,61.00,63.00,55.00,38.00,36.00
137578.00,5751.00,19.00,GYLDENLØVESGADE ud for søerne ,2014,922,MOD NORDVEST (FRA BYEN),A+B: KØRETØJER I ALT,,1762.00,1694.00,1432.00,1335.00,1477.00,1711.00,1703.00,2216.00,2539.00,2445.00,2167.00,1640.00
137579.00,5751.00,19.00,GYLDENLØVESGADE ud for søerne ,2014,922,MOD NORDVEST (FRA BYEN),LADCYKLER,,2.00,21.00,11.00,9.00,8.00,8.00,6.00,12.00,24.00,31.00,18.00,10.00
137580.00,5751.00,19.00,GYLDENLØVESGADE ud for søerne ,2014,922,MOD NORDVEST (FRA BYEN),CYKLER + KNALLERTER,,643.00,887.00,416.00,320.00,366.00,466.00,478.00,742.00,1562.00,2232.00,1792.00,1136.00
137581.00,5751.00,19.00,GYLDENLØVESGADE ud for søerne ,2014,922,MOD NORDVEST (FRA BYEN),CYKLER + KNALLERTER I ALT,,645.00,908.00,427.00,329.00,374.00,474.00,484.00,754.00,1586.00,2263.00,1810.00,1146.00
137582.00,5751.00,19.00,GYLDENLØVESGADE ud for søerne ,2014,922,MOD SYDØST (BYEN),PERSONBILER,,1702.00,1502.00,1483.00,1101.00,1154.00,1151.00,1144.00,1256.00,1511.00,1648.00,1590.00,1278.00
137583.00,5751.00,19.00,GYLDENLØVESGADE ud for søerne ,2014,922,MOD SYDØST (BYEN),"VAREVOGNE (MAX. 3,5 T)",,533.00,381.00,490.00,403.00,402.00,366.00,348.00,326.00,304.00,192.00,149.00,195.00
137584.00,5751.00,19.00,GYLDENLØVESGADE ud for søerne ,2014,922,MOD SYDØST (BYEN),MOTORCYKLER,,30.00,21.00,19.00,6.00,5.00,5.00,9.00,15.00,19.00,18.00,15.00,5.00
137585.00,5751.00,19.00,GYLDENLØVESGADE ud for søerne ,2014,922,MOD SYDØST (BYEN),A: LET TRAFIK I ALT,,2265.00,1904.00,1992.00,1510.00,1561.00,1522.00,1501.00,1597.00,1834.00,1858.00,1754.00,1478.00
137586.00,5751.00,19.00,GYLDENLØVESGADE ud for søerne ,2014,922,MOD SYDØST (BYEN),"LASTBILER, 2 AKSLER",,17.00,21.00,25.00,13.00,17.00,9.00,13.00,9.00,9.00,6.00,9.00,5.00
137587.00,5751.00,19.00,GYLDENLØVESGADE ud for søerne ,2014,922,MOD SYDØST (BYEN),"LASTBILER, 3 AKSLER",,6.00,6.00,11.00,13.00,11.00,4.00,6.00,9.00,2.00,0.00,1.00,0.00
137588.00,5751.00,19.00,GYLDENLØVESGADE ud for søerne ,2014,922,MOD SYDØST (BYEN),"LASTBILER, 4 - FLERE AKSLER",,15.00,17.00,24.00,18.00,12.00,9.00,12.00,9.00,7.00,4.00,3.00,2.00
137589.00,5751.00,19.00,GYLDENLØVESGADE ud for søerne ,2014,922,MOD SYDØST (BYEN),BUSSER I FAST RUTE,,33.00,33.00,35.00,25.00,27.00,26.00,30.00,33.00,36.00,27.00,29.00,30.00
137590.00,5751.00,19.00,GYLDENLØVESGADE ud for søerne ,2014,922,MOD SYDØST (BYEN),ANDRE BUSSER,,10.00,4.00,9.00,3.00,3.00,8.00,6.00,6.00,14.00,9.00,3.00,4.00
137591.00,5751.00,19.00,GYLDENLØVESGADE ud for søerne ,2014,922,MOD SYDØST (BYEN),B: TUNG TRAFIK I ALT,,81.00,81.00,104.00,72.00,70.00,56.00,67.00,66.00,68.00,46.00,45.00,41.00
137592.00,5751.00,19.00,GYLDENLØVESGADE ud for søerne ,2014,922,MOD SYDØST (BYEN),A+B: KØRETØJER I ALT,,2346.00,1985.00,2096.00,1582.00,1631.00,1578.00,1568.00,1663.00,1902.00,1904.00,1799.00,1519.00
137593.00,5751.00,19.00,GYLDENLØVESGADE ud for søerne ,2014,922,MOD SYDØST (BYEN),LADCYKLER,,10.00,56.00,11.00,10.00,6.00,56.00,8.00,7.00,79.00,25.00,29.00,32.00
137594.00,5751.00,19.00,GYLDENLØVESGADE ud for søerne ,2014,922,MOD SYDØST (BYEN),CYKLER + KNALLERTER,,1858.00,3639.00,1510.00,854.00,799.00,764.00,413.00,649.00,1017.00,1579.00,997.00,1006.00
137595.00,5751.00,19.00,GYLDENLØVESGADE ud for søerne ,2014,922,MOD SYDØST (BYEN),CYKLER + KNALLERTER I ALT,,1868.00,3695.00,1521.00,864.00,805.00,820.00,421.00,656.00,1096.00,1604.00,1026.00,1038.00
154181.00,6551.00,10166.00,Lille Langebro,2023,914,Mod nordvest (byen),Cykler og knallerter,,802.00,1508.00,596.00,408.00,382.00,428.00,334.00,456.00,882.00,1128.00,824.00,526.00
154182.00,6551.00,10166.00,Lille Langebro,2023,914,Mod nordvest (byen),Ladcykler,,61.00,86.00,28.00,22.00,11.00,17.00,14.00,23.00,56.00,51.00,24.00,16.00
154183.00,6551.00,10166.00,Lille Langebro,2023,914,Mod nordvest (byen),El-løbehjul o.l.,,1.00,0.00,2.00,1.00,4.00,2.00,3.00,8.00,1.00,6.00,7.00,9.00
154185.00,6551.00,10166.00,Lille Langebro,2023,914,Mod nordvest (byen),Fodgængere,,45.00,99.00,106.00,91.00,133.00,170.00,74.00,98.00,209.00,297.00,298.00,214.00
154186.00,6551.00,10166.00,Lille Langebro,2023,914,Mod nordvest (byen),Løbere,,43.00,12.00,11.00,5.00,4.00,4.00,2.00,8.00,5.00,10.00,60.00,26.00
154189.00,6551.00,10166.00,Lille Langebro,2023,914,Mod sydøst (Amager),Cykler og knallerter,,455.00,1058.00,569.00,366.00,355.00,362.00,348.00,416.00,727.00,1018.00,792.00,608.00
154190.00,6551.00,10166.00,Lille Langebro,2023,914,Mod sydøst (Amager),Ladcykler,,7.00,72.00,31.00,13.00,12.00,20.00,16.00,34.00,53.00,56.00,32.00,23.00
154191.00,6551.00,10166.00,Lille Langebro,2023,914,Mod sydøst (Amager),El-løbehjul o.l.,,2.00,3.00,1.00,2.00,4.00,1.00,1.00,2.00,5.00,2.00,2.00,3.00
154193.00,6551.00,10166.00,Lille Langebro,2023,914,Mod sydøst (Amager),Fodgængere,,43.00,122.00,137.00,192.00,254.00,212.00,197.00,159.00,213.00,345.00,276.00,376.00
154194.00,6551.00,10166.00,Lille Langebro,2023,914,Mod sydøst (Amager),Løbere,,49.00,32.00,10.00,5.00,12.00,4.00,4.00,20.00,2.00,16.00,30.00,34.00
132334.00,5540.00,708.00,ØRESUNDSMOTORVEJEN på bro s.f. Ørestad M. ,2013,618,VEST (MOD BYEN),PERSONBILER,,3151.00,2763.00,1611.00,1338.00,1287.00,1394.00,1698.00,2177.00,2195.00,2219.00,2059.00,1716.00
132335.00,5540.00,708.00,ØRESUNDSMOTORVEJEN på bro s.f. Ørestad M. ,2013,618,VEST (MOD BYEN),"VAREVOGNE (MAX. 3,5 T)",,373.00,316.00,302.00,354.00,366.00,386.00,401.00,421.00,502.00,373.00,318.00,251.00
132336.00,5540.00,708.00,ØRESUNDSMOTORVEJEN på bro s.f. Ørestad M. ,2013,618,VEST (MOD BYEN),MOTORCYKLER,,26.00,15.00,16.00,16.00,11.00,12.00,24.00,31.00,28.00,15.00,32.00,15.00
132337.00,5540.00,708.00,ØRESUNDSMOTORVEJEN på bro s.f. Ørestad M. ,2013,618,VEST (MOD BYEN),A: LET TRAFIK I ALT,,3550.00,3094.00,1929.00,1708.00,1664.00,1792.00,2123.00,2629.00,2725.00,2607.00,2409.00,1982.00
132338.00,5540.00,708.00,ØRESUNDSMOTORVEJEN på bro s.f. Ørestad M. ,2013,618,VEST (MOD BYEN),"LASTBILER, 2 AKSLER",,17.00,18.00,28.00,30.00,26.00,25.00,33.00,25.00,19.00,15.00,10.00,14.00
132339.00,5540.00,708.00,ØRESUNDSMOTORVEJEN på bro s.f. Ørestad M. ,2013,618,VEST (MOD BYEN),"LASTBILER, 3 AKSLER",,15.00,13.00,12.00,19.00,17.00,19.00,17.00,7.00,16.00,7.00,1.00,5.00
132340.00,5540.00,708.00,ØRESUNDSMOTORVEJEN på bro s.f. Ørestad M. ,2013,618,VEST (MOD BYEN),"LASTBILER, 4 - FLERE AKSLER",,70.00,88.00,106.00,93.00,102.00,102.00,102.00,112.00,102.00,72.00,80.00,58.00
132341.00,5540.00,708.00,ØRESUNDSMOTORVEJEN på bro s.f. Ørestad M. ,2013,618,VEST (MOD BYEN),BUSSER I FAST RUTE,,0.00,0.00,0.00,0.00,0.00,0.00,0.00,0.00,1.00,0.00,0.00,0.00
132342.00,5540.00,708.00,ØRESUNDSMOTORVEJEN på bro s.f. Ørestad M. ,2013,618,VEST (MOD BYEN),ANDRE BUSSER,,15.00,8.00,25.00,18.00,11.00,19.00,15.00,13.00,9.00,12.00,16.00,17.00
132343.00,5540.00,708.00,ØRESUNDSMOTORVEJEN på bro s.f. Ørestad M. ,2013,618,VEST (MOD BYEN),B: TUNG TRAFIK I ALT,,117.00,127.00,171.00,160.00,156.00,165.00,167.00,157.00,147.00,106.00,107.00,94.00
132344.00,5540.00,708.00,ØRESUNDSMOTORVEJEN på bro s.f. Ørestad M. ,2013,618,VEST (MOD BYEN),A+B: KØRETØJER I ALT,,3667.00,3221.00,2100.00,1868.00,1820.00,1957.00,2290.00,2786.00,2872.00,2713.00,2516.00,2076.00
132345.00,5540.00,708.00,ØRESUNDSMOTORVEJEN på bro s.f. Ørestad M. ,2013,618,VEST (MOD BYEN),LADCYKLER,,1.00,0.00,0.00,0.00,0.00,0.00,0.00,0.00,0.00,0.00,0.00,0.00
132346.00,5540.00,708.00,ØRESUNDSMOTORVEJEN på bro s.f. Ørestad M. ,2013,618,VEST (MOD BYEN),CYKLER + KNALLERTER,,0.00,0.00,0.00,0.00,0.00,0.00,0.00,0.00,0.00,0.00,0.00,0.00
132347.00,5540.00,708.00,ØRESUNDSMOTORVEJEN på bro s.f. Ørestad M. ,2013,618,VEST (MOD BYEN),CYKLER + KNALLERTER I ALT,,1.00,0.00,0.00,0.00,0.00,0.00,0.00,0.00,0.00,0.00,0.00,0.00
132348.00,5540.00,708.00,ØRESUNDSMOTORVEJEN på bro s.f. Ørestad M. ,2013,618,ØST (MOD ØRESUNDSBRON),PERSONBILER,,2055.00,1796.00,1703.00,1375.00,1274.00,1517.00,1732.00,1918.00,2020.00,2793.00,2987.00,1802.00
132349.00,5540.00,708.00,ØRESUNDSMOTORVEJEN på bro s.f. Ørestad M. ,2013,618,ØST (MOD ØRESUNDSBRON),"VAREVOGNE (MAX. 3,5 T)",,480.00,370.00,430.00,382.00,328.00,338.00,320.00,330.00,342.00,360.00,300.00,216.00
132350.00,5540.00,708.00,ØRESUNDSMOTORVEJEN på bro s.f. Ørestad M. ,2013,618,ØST (MOD ØRESUNDSBRON),MOTORCYKLER,,14.00,13.00,8.00,9.00,9.00,10.00,24.00,20.00,24.00,21.00,32.00,40.00
132351.00,5540.00,708.00,ØRESUNDSMOTORVEJEN på bro s.f. Ørestad M. ,2013,618,ØST (MOD ØRESUNDSBRON),A: LET TRAFIK I ALT,,2549.00,2179.00,2141.00,1766.00,1611.00,1865.00,2076.00,2268.00,2386.00,3174.00,3319.00,2058.00
132352.00,5540.00,708.00,ØRESUNDSMOTORVEJEN på bro s.f. Ørestad M. ,2013,618,ØST (MOD ØRESUNDSBRON),"LASTBILER, 2 AKSLER",,16.00,30.00,27.00,18.00,13.00,19.00,11.00,18.00,14.00,13.00,15.00,11.00
132353.00,5540.00,708.00,ØRESUNDSMOTORVEJEN på bro s.f. Ørestad M. ,2013,618,ØST (MOD ØRESUNDSBRON),"LASTBILER, 3 AKSLER",,20.00,8.00,16.00,20.00,8.00,16.00,15.00,10.00,4.00,2.00,7.00,2.00
132354.00,5540.00,708.00,ØRESUNDSMOTORVEJEN på bro s.f. Ørestad M. ,2013,618,ØST (MOD ØRESUNDSBRON),"LASTBILER, 4 - FLERE AKSLER",,90.00,94.00,96.00,102.00,102.00,112.00,118.00,100.00,69.00,73.00,88.00,54.00
132355.00,5540.00,708.00,ØRESUNDSMOTORVEJEN på bro s.f. Ørestad M. ,2013,618,ØST (MOD ØRESUNDSBRON),BUSSER I FAST RUTE,,0.00,0.00,0.00,0.00,0.00,0.00,1.00,0.00,0.00,0.00,0.00,0.00
132356.00,5540.00,708.00,ØRESUNDSMOTORVEJEN på bro s.f. Ørestad M. ,2013,618,ØST (MOD ØRESUNDSBRON),ANDRE BUSSER,,8.00,9.00,25.00,15.00,15.00,20.00,18.00,14.00,11.00,25.00,13.00,8.00
132357.00,5540.00,708.00,ØRESUNDSMOTORVEJEN på bro s.f. Ørestad M. ,2013,618,ØST (MOD ØRESUNDSBRON),B: TUNG TRAFIK I ALT,,134.00,141.00,164.00,155.00,138.00,167.00,163.00,142.00,98.00,113.00,123.00,75.00
132358.00,5540.00,708.00,ØRESUNDSMOTORVEJEN på bro s.f. Ørestad M. ,2013,618,ØST (MOD ØRESUNDSBRON),A+B: KØRETØJER I ALT,,2683.00,2320.00,2305.00,1921.00,1749.00,2032.00,2239.00,2410.00,2484.00,3287.00,3442.00,2133.00
132359.00,5540.00,708.00,ØRESUNDSMOTORVEJEN på bro s.f. Ørestad M. ,2013,618,ØST (MOD ØRESUNDSBRON),LADCYKLER,,0.00,0.00,0.00,0.00,0.00,0.00,0.00,0.00,0.00,0.00,0.00,0.00
132360.00,5540.00,708.00,ØRESUNDSMOTORVEJEN på bro s.f. Ørestad M. ,2013,618,ØST (MOD ØRESUNDSBRON),CYKLER + KNALLERTER,,0.00,0.00,0.00,0.00,0.00,0.00,0.00,0.00,0.00,0.00,0.00,0.00
132361.00,5540.00,708.00,ØRESUNDSMOTORVEJEN på bro s.f. Ørestad M. ,2013,618,ØST (MOD ØRESUNDSBRON),CYKLER + KNALLERTER I ALT,,0.00,0.00,0.00,0.00,0.00,0.00,0.00,0.00,0.00,0.00,0.00,0.00
1909,71,5,DRONNING LOUISES BRO,2013,828,MOD Vest (Fra byen),CYKLER,,528,936,608,574,670,1018,995,1256,2002,2758,2547,1877
1909,71,5,DRONNING LOUISES BRO,2013,828,MOD Vest (Fra byen),LADCYKLER,,9,38,9,18,5,14,26,40,71,75,43,18
1909,71,5,DRONNING LOUISES BRO,2013,828,MOD Vest (Fra byen),KNALLERTER,,4,3,0,4,6,4,6,6,6,7,3,4
1909,71,5,DRONNING LOUISES BRO,2013,828,MOD Øst (mod byen),CYKLER,,1575,3226,1814,1207,1048,1120,1033,1166,1409,1501,1245,1067
1909,71,5,DRONNING LOUISES BRO,2013,828,MOD Øst (mod byen),LADCYKLER,,37,74,37,18,28,24,25,26,38,32,19,12
1909,71,5,DRONNING LOUISES BRO,2013,828,MOD Øst (mod byen),KNALLERTER,,3,3,5,3,13,4,6,8,7,6,3,3
1909,71,5,DRONNING LOUISES BRO,2014,828,MOD Vest (Fra byen),CYKLER,,604,978,635,497,615,1008,952,1282,2049,2689,2652,1858
1909,71,5,DRONNING LOUISES BRO,2014,828,MOD Vest (Fra byen),LADCYKLER,,9,36,21,16,20,14,28,33,73,76,39,25
1909,71,5,DRONNING LOUISES BRO,2014,828,MOD Vest (Fra byen),KNALLERTER,,0,2,2,3,2,4,5,1,5,4,4,4
1909,71,5,DRONNING LOUISES BRO,2014,828,MOD Øst (mod byen),CYKLER,,1711,3476,1854,1254,1039,1144,997,1123,1525,1624,1330,1202
1909,71,5,DRONNING LOUISES BRO,2014,828,MOD Øst (mod byen),LADCYKLER,,35,65,40,22,39,26,16,25,37,42,20,16
1909,71,5,DRONNING LOUISES BRO,2014,828,MOD Øst (mod byen),KNALLERTER,,0,0,2,8,6,6,0,1,0,7,0,5
1909,71,5,DRONNING LOUISES BRO,2015,828,MOD Vest (Fra byen),CYKLER,,581,983,576,563,630,862,1004,1175,1930,2757,2755,2041
1909,71,5,DRONNING LOUISES BRO,2015,828,MOD Vest (Fra byen),LADCYKLER,,15,47,18,24,17,18,22,27,66,112,40,33
1909,71,5,DRONNING LOUISES BRO,2015,828,MOD Vest (Fra byen),KNALLERTER,,5,2,3,3,4,3,1,5,5,5,2,3
1909,71,5,DRONNING LOUISES BRO,2015,828,MOD Øst (mod byen),CYKLER,,1776,3674,2070,1248,1044,1079,967,1089,1372,1524,1363,1021
1909,71,5,DRONNING LOUISES BRO,2015,828,MOD Øst (mod byen),LADCYKLER,,48,91,43,27,20,27,33,29,46,50,22,12
1909,71,5,DRONNING LOUISES BRO,2015,828,MOD Øst (mod byen),KNALLERTER,,4,2,3,4,4,3,5,3,9,1,6,4





